-- phpMyAdmin SQL Dump
-- version 5.2.0
-- https://www.phpmyadmin.net/
--
-- Host: 127.0.0.1
-- Waktu pembuatan: 06 Jul 2023 pada 21.29
-- Versi server: 10.4.27-MariaDB
-- Versi PHP: 8.2.0

SET SQL_MODE = "NO_AUTO_VALUE_ON_ZERO";
START TRANSACTION;
SET time_zone = "+00:00";


/*!40101 SET @OLD_CHARACTER_SET_CLIENT=@@CHARACTER_SET_CLIENT */;
/*!40101 SET @OLD_CHARACTER_SET_RESULTS=@@CHARACTER_SET_RESULTS */;
/*!40101 SET @OLD_COLLATION_CONNECTION=@@COLLATION_CONNECTION */;
/*!40101 SET NAMES utf8mb4 */;

--
-- Database: `jenova_bot`
--

-- --------------------------------------------------------

--
-- Struktur dari tabel `tb_admin`
--

CREATE TABLE `tb_admin` (
  `id_admin` int(11) NOT NULL,
  `username` varchar(50) NOT NULL,
  `password` varchar(200) NOT NULL
) ENGINE=InnoDB DEFAULT CHARSET=utf8mb4 COLLATE=utf8mb4_general_ci;

--
-- Dumping data untuk tabel `tb_admin`
--

INSERT INTO `tb_admin` (`id_admin`, `username`, `password`) VALUES
(1, 'samuel', 'e6fb448feb2fa877aab63b3713027775'),
(3, 'admin', '0192023a7bbd73250516f069df18b500');

-- --------------------------------------------------------

--
-- Struktur dari tabel `tb_broadcast`
--

CREATE TABLE `tb_broadcast` (
  `id_user` bigint(14) NOT NULL
) ENGINE=InnoDB DEFAULT CHARSET=utf8mb4 COLLATE=utf8mb4_general_ci;

--
-- Dumping data untuk tabel `tb_broadcast`
--

INSERT INTO `tb_broadcast` (`id_user`) VALUES
(1344122685);

-- --------------------------------------------------------

--
-- Stand-in struktur untuk tampilan `tb_broadcast_info`
-- (Lihat di bawah untuk tampilan aktual)
--
CREATE TABLE `tb_broadcast_info` (
`id_user` bigint(14)
,`username` varchar(100)
,`firstname` varchar(100)
,`lastname` varchar(100)
,`token` smallint(6)
);

-- --------------------------------------------------------

--
-- Struktur dari tabel `tb_chat_gpt`
--

CREATE TABLE `tb_chat_gpt` (
  `id_gpt` int(11) NOT NULL,
  `prompt` text NOT NULL,
  `response` text NOT NULL
) ENGINE=InnoDB DEFAULT CHARSET=utf8mb4 COLLATE=utf8mb4_general_ci;

--
-- Dumping data untuk tabel `tb_chat_gpt`
--

INSERT INTO `tb_chat_gpt` (`id_gpt`, `prompt`, `response`) VALUES
(3, 'cara hello world di ada programming language', 'Untuk mencetak \"Hello, World!\" di bahasa pemrograman Ada, Anda dapat menggunakan sintaks berikut:\n\n```ada\nwith Ada.Text_IO;\n\nprocedure Hello is\nbegin\n   Ada.Text_IO.Put_Line(\"Hello, World!\");\nend Hello;\n```\n\nKode di atas memanfaatkan pustaka standard `Ada.Text_IO` yang menyediakan prosedur `Put_Line` untuk mencetak baris teks ke keluaran. Ketika kode dieksekusi, itu akan mencetak \"Hello, World!\" ke layar.'),
(4, 'cara hello world di python', 'Untuk mencetak \"Hello, World!\" menggunakan Python, Anda dapat menggunakan perintah `print` seperti ini:\r\n\r\n```python\r\nprint(\"Hello, World!\")\r\n```\r\n\r\nAnda dapat menyalin dan menjalankan kode di atas di lingkungan Python untuk melihat hasilnya. Ketika dijalankan, program akan mencetak teks \"Hello, World!\" ke layar.'),
(5, 'cara membuat nasi goreng', 'Berikut adalah langkah-langkah untuk membuat nasi goreng:\r\n\r\nBahan-bahan yang dibutuhkan:\r\n1. 2 piring nasi putih yang sudah dingin\r\n2. 2 siung bawang putih, cincang halus\r\n3. 2 siung bawang merah, cincang halus\r\n4. 2 butir telur, dikocok lepas\r\n5. 100 gram daging ayam, dipotong kecil-kecil\r\n6. 50 gram udang, dikupas\r\n7. 1 wortel, dipotong dadu kecil\r\n8. 50 gram kacang polong beku\r\n9. 2 sendok makan kecap manis\r\n10. 1 sendok makan saus sambal (opsional)\r\n11. Minyak goreng secukupnya\r\n12. Garam dan merica secukupnya\r\n\r\nLangkah-langkah:\r\n1. Panaskan minyak dalam wajan besar atau penggorengan.\r\n2. Tumis bawang putih dan bawang merah hingga harum.\r\n3. Masukkan daging ayam, udang, wortel, dan kacang polong. Tumis hingga daging dan udang matang.\r\n4. Pindahkan semua bahan yang telah ditumis ke sisi wajan atau penggorengan agar tidak terlalu matang, dan kemudian ke dalam wadah terpisah.\r\n5. Di sisi yang kosong di wajan atau penggorengan, tuangkan telur yang sudah dikocok lepas. Aduk telur hingga setengah matang.\r\n6. Masukkan nasi putih yang sudah dingin ke dalam wajan atau penggorengan. Aduk rata dengan telur setengah matang.\r\n7. Tambahkan kecap manis dan saus sambal (jika menggunakan) ke dalam nasi. Aduk rata.\r\n8. Kembalikan semua bahan yang telah ditumis ke dalam wajan atau penggorengan. Aduk rata dengan nasi.\r\n9. Tambahkan garam dan merica sesuai dengan selera.\r\n10. Aduk semua bahan dalam wajan atau penggorengan hingga tercampur merata dan nasi terasa panas.\r\n11. Angkat nasi goreng dari wajan atau penggorengan, dan sajikan di piring saji.\r\n12. Hidangkan nasi goreng dengan irisan timun atau tomat sebagai pelengkap.\r\n\r\nSelamat mencoba membuat nasi goreng!'),
(6, 'code java catch', 'To catch and handle exceptions in Java, you can use the try-catch block. \r\n\r\nHere is an example of how to use it:\r\n\r\n```java\r\ntry {\r\n    // Code that may throw an exception\r\n    int result = divideNumbers(10, 0);\r\n    System.out.println(\"Result: \" + result);\r\n} catch (ArithmeticException e) {\r\n    // Exception handler for ArithmeticException\r\n    System.out.println(\"Cannot divide by zero!\");\r\n    e.printStackTrace();\r\n} catch (Exception e) {\r\n    // Generic exception handler\r\n    System.out.println(\"An error occurred!\");\r\n    e.printStackTrace();\r\n}\r\n```\r\n\r\nIn this example, we have a method `divideNumbers()` that may throw an `ArithmeticException` if the second parameter is zero. In the `try` block, we call this method and assign the result to a variable. If the exception is thrown, the control flow jumps to the relevant `catch` block.\r\n\r\nYou can have multiple `catch` blocks to handle different types of exceptions. The more specific exception types should be listed first, and more generic ones (like `Exception`) should be listed at the end. If an exception is not caught by any specific `catch` block, it will be caught by the generic `catch` block (if provided).\r\n\r\nWithin the `catch` block, you can handle the exception as needed. In the example above, we simply print an error message and stack trace using the `printStackTrace()` method.\r\n\r\nRemember to always handle exceptions that you expect to be thrown to prevent unexpected program termination.'),
(7, 'apa itu php PDO?', 'PHP PDO (PHP Data Objects) adalah sebuah ekstensi PHP yang digunakan untuk menghubungkan aplikasi PHP dengan berbagai jenis basis data. PDO menyediakan antarmuka yang konsisten untuk berinteraksi dengan basis data seperti MySQL, PostgreSQL, SQLite, dan lainnya.\n\nKeuntungan menggunakan PHP PDO antara lain:\n\n1. Portabilitas: PDO memungkinkan pengembang untuk menulis kode yang dapat dipindahkan dengan mudah antara berbagai jenis basis data tanpa perlu memodifikasi ulang kode.\n\n2. Keamanan: PDO menyediakan fitur-fitur keamanan yang kuat, termasuk penggunaan parameterisasi untuk menghindari serangan injeksi SQL.\n\n3. Performa: PDO digunakan untuk mengoptimalkan kinerja dan waktu eksekusi query dengan menggunakan fitur caching.\n\n4. Fleksibilitas: PDO memungkinkan penggunaan mode transaksi yang berguna saat bekerja dengan operasi basis data yang kompleks. Selain itu, juga mendukung penggunaan multiple active result sets (MARS) untuk query yang melibatkan beberapa hasil.\n\nDalam melaksanakan tugasnya, PDO menggunakan objek-objek yang disebut \"PDO Statement\" untuk mewakili statement SQL yang dilakukan terhadap database. Ini memungkinkan pengembang untuk mengikat parameter, mengeksekusi statement, dan mengambil hasil dengan mudah.\n\nDengan menggunakan PHP PDO, pengembang dapat mengembangkan aplikasi PHP yang lebih terstruktur, lebih aman, dan lebih mudah dipelihara ketika berinteraksi dengan basis data.'),
(8, 'apa yang dimaksud dengan php database', 'PHP database merupakan istilah yang digunakan untuk mengacu pada penggunaan bahasa pemrograman PHP dalam mengakses dan mengelola database. PHP merupakan salah satu bahasa pemrograman server-side yang populer digunakan untuk membuat aplikasi web. Sementara itu, database adalah tempat penyimpanan yang terstruktur untuk menyimpan data secara persisten. Dengan menggunakan PHP database, Anda dapat melakukan operasi CRUD (Create, Read, Update, Delete) data pada database seperti memasukkan data baru, membaca data yang ada, mengupdate data, dan menghapus data.');

-- --------------------------------------------------------

--
-- Struktur dari tabel `tb_history`
--

CREATE TABLE `tb_history` (
  `id_history` int(11) NOT NULL,
  `id_user` bigint(14) NOT NULL,
  `time` datetime NOT NULL DEFAULT current_timestamp(),
  `request` text NOT NULL,
  `response` text NOT NULL
) ENGINE=InnoDB DEFAULT CHARSET=utf8mb4 COLLATE=utf8mb4_general_ci;

--
-- Dumping data untuk tabel `tb_history`
--

INSERT INTO `tb_history` (`id_history`, `id_user`, `time`, `request`, `response`) VALUES
(2, 1344122685, '2023-06-30 15:48:03', 'Halo', '*Jenova Bot*\r\nWelcome to jenova bot, you can control me by sending these commands:\r\n\r\n\r\n*Chat GPT*\r\n/gpt \'space\' your prompt, _example : /gpt how to coding_\r\n/mytoken - your remaining tokens Chat GPT\r\n\r\n*Info*\r\n/myinfo - your account info\r\n\r\n*Other*\r\n/hello - menyapamu\r\n'),
(3, 1344122685, '2023-06-30 15:48:14', 'Halo', '*Jenova Bot*\r\nWelcome to jenova bot, you can control me by sending these commands:\r\n\r\n\r\n*Chat GPT*\r\n/gpt \'space\' your prompt, _example : /gpt how to coding_\r\n/mytoken - your remaining tokens Chat GPT\r\n\r\n*Info*\r\n/myinfo - your account info\r\n\r\n*Other*\r\n/hello - menyapamu\r\n'),
(4, 1344122685, '2023-06-30 15:48:28', 'Apakabar dengan saya', '*Jenova Bot*\r\nWelcome to jenova bot, you can control me by sending these commands:\r\n\r\n\r\n*Chat GPT*\r\n/gpt \'space\' your prompt, _example : /gpt how to coding_\r\n/mytoken - your remaining tokens Chat GPT\r\n\r\n*Info*\r\n/myinfo - your account info\r\n\r\n*Other*\r\n/hello - menyapamu\r\n'),
(5, 1344122685, '2023-06-30 15:48:37', 'Bla bla bla', '*Jenova Bot*\r\nWelcome to jenova bot, you can control me by sending these commands:\r\n\r\n\r\n*Chat GPT*\r\n/gpt \'space\' your prompt, _example : /gpt how to coding_\r\n/mytoken - your remaining tokens Chat GPT\r\n\r\n*Info*\r\n/myinfo - your account info\r\n\r\n*Other*\r\n/hello - menyapamu\r\n'),
(6, 1344122685, '2023-06-30 15:48:46', 'THIS IS BROADCAST FROM ADMIN', 'Pengumuman'),
(7, 1344122685, '2023-06-30 16:16:58', 'history baru', '*Jenova Bot*\r\nWelcome to jenova bot, you can control me by sending these commands:\r\n\r\n\r\n*Chat GPT*\r\n/gpt \'space\' your prompt, _example : /gpt how to coding_\r\n/mytoken - your remaining tokens Chat GPT\r\n\r\n*Info*\r\n/myinfo - your account info\r\n\r\n*Other*\r\n/hello - menyapamu\r\n'),
(8, 1878849884, '2023-06-30 22:09:13', 'Bayi perempuan', '*Jenova Bot*\r\nWelcome to jenova bot, you can control me by sending these commands:\r\n\r\n\r\n*Chat GPT*\r\n/gpt \'space\' your prompt, _example : /gpt how to coding_\r\n/mytoken - your remaining tokens Chat GPT\r\n\r\n*Info*\r\n/myinfo - your account info\r\n\r\n*Other*\r\n/hello - menyapamu\r\n'),
(9, 1878849884, '2023-06-30 22:09:33', 'Oke', '*Jenova Bot*\r\nWelcome to jenova bot, you can control me by sending these commands:\r\n\r\n\r\n*Chat GPT*\r\n/gpt \'space\' your prompt, _example : /gpt how to coding_\r\n/mytoken - your remaining tokens Chat GPT\r\n\r\n*Info*\r\n/myinfo - your account info\r\n\r\n*Other*\r\n/hello - menyapamu\r\n'),
(10, 1878849884, '2023-06-30 22:09:37', 'Okkkkk', '*Jenova Bot*\r\nWelcome to jenova bot, you can control me by sending these commands:\r\n\r\n\r\n*Chat GPT*\r\n/gpt \'space\' your prompt, _example : /gpt how to coding_\r\n/mytoken - your remaining tokens Chat GPT\r\n\r\n*Info*\r\n/myinfo - your account info\r\n\r\n*Other*\r\n/hello - menyapamu\r\n'),
(11, 1344122685, '2023-07-01 00:37:57', '/mytoken', '*Jenova Bot*\r\nWelcome to jenova bot, you can control me by sending these commands:\r\n\r\n\r\n*Chat GPT*\r\n/gpt - how to use fiture Chat GPT in Jenova Bot\n/mytoken - your remaining tokens for Chat GPT\r\n/myinfo - your account info\r\n\n'),
(12, 1344122685, '2023-07-01 00:39:01', '/mytoken', 'Hello samuelandrey your remaining token for Chat GPT is : 5'),
(13, 1344122685, '2023-07-01 00:40:31', '/mytoken', 'Hello Samuel your remaining token for Chat GPT is : count  5'),
(14, 1344122685, '2023-07-01 00:41:49', 'jkhjkl', '*Jenova Bot*\r\nWelcome to jenova bot, you can control me by sending these commands:\r\n\r\n*Chat GPT*\r\n/gpt - how to use fiture Chat GPT in Jenova Bot\n/mytoken - your remaining tokens for Chat GPT\r\n/myinfo - your account info\r\n\n'),
(15, 1344122685, '2023-07-01 00:49:06', '/myinfo', '*Jenova Bot*\r\nWelcome to jenova bot, you can control me by sending these commands:\r\n\r\n*Chat GPT*\r\n/gpt - how to use fiture Chat GPT in Jenova Bot\n/mytoken - your remaining tokens for Chat GPT\r\n/myinfo - your account info\r\n\n'),
(16, 1344122685, '2023-07-01 00:49:47', '/myinfo', 'UserID/ChatID	: 1344122685\nUsername	: samuelandrey\nFirstname	: Samuel\nLastname	: Andrey'),
(17, 1344122685, '2023-07-01 00:50:39', '/myinfo', 'UserID/ChatID	: 1344122685\nUsername		: samuelandrey\nFirstname		: Samuel\nLastname		: Andrey'),
(18, 1344122685, '2023-07-01 01:00:59', 'THIS IS BROADCAST FROM ADMIN', 'dsfa'),
(19, 1344122685, '2023-07-01 01:01:14', 'THIS IS BROADCAST FROM ADMIN', 'meowww'),
(20, 1344122685, '2023-07-03 15:47:28', 'THIS IS BROADCAST FROM ADMIN', 'dfsgjfdg'),
(21, 1344122685, '2023-07-03 15:47:53', 'THIS IS BROADCAST FROM ADMIN', 'Halo apakabar'),
(22, 1344122685, '2023-07-03 16:00:30', 'THIS IS BROADCAST FROM ADMIN', 'halo'),
(23, 1344122685, '2023-07-03 16:00:59', 'THIS IS BROADCAST FROM ADMIN', 'roy tulung nk pesane mlebu bales sembarang'),
(24, 1847285486, '2023-07-03 16:01:00', 'THIS IS BROADCAST FROM ADMIN', 'roy tulung nk pesane mlebu bales sembarang'),
(25, 1344122685, '2023-07-03 16:02:32', '/gpt cara membuat telur gulung', 'Berikut adalah cara membuat telur gulung:\n\nBahan-bahan:\n1. 4 butir telur ayam\n2. 2 sendok makan susu cair\n3. Garam secukupnya\n4. Lada secukupnya\n5. Minyak goreng secukupnya\n\nLangkah-langkah:\n1. Kocok telur dalam sebuah mangkuk besar hingga tercampur rata.\n2. Tambahkan susu cair, garam, dan lada ke dalam mangkuk, lalu aduk kembali hingga semua bahan tercampur dengan baik.\n3. Panaskan sedikit minyak goreng dalam wajan datar anti lengket dengan api sedang.\n4. Tuangkan setengah dari campuran telur ke dalam wajan panas, lalu ratakan dengan sendok atau spatula.\n5. Biarkan telur menggumpal dan matang di permukaan yang satu sambil tetap agak cair di bagian atas.\n6. Gulung telur dengan bantuan spatula, lalu pindahkan ke ujung wajan.\n7. Tuangkan lagi separuh sisanya campuran telur ke wajan dan ratakan.\n8. Setelah lapisan kedua telur mulai menggumpal dan matang, gulung kembali telur pada ujung wajan.\n9. Ulangi langkah 7 dan 8 jika masih terdapat campuran telur yang tersisa.\n10. Angkat telur gulung dari wajan dan biarkan sejenak hingga dingin.\n11. Setelah dingin, potong telur gulung menjadi beberapa bagian sesuai dengan keinginan.\n12. Sajikan telur gulung sebagai hidangan pembuka atau pelengkap makanan.\n\nItulah cara mudah membuat telur gulung. Selamat mencoba!'),
(26, 1847285486, '2023-07-03 16:02:33', 'oiy', '*Jenova Bot*\r\nWelcome to jenova bot, you can control me by sending these commands:\r\n\r\n*Chat GPT*\r\n/gpt - how to use fiture Chat GPT in Jenova Bot\n/mytoken - your remaining tokens for Chat GPT\r\n/myinfo - your account info\r\n\n'),
(27, 1344122685, '2023-07-03 16:02:44', '/myinfo', 'UserID/ChatID	: 1344122685\nUsername		: samuelandrey\nFirstname		: Samuel\nLastname		: Andrey'),
(28, 1344122685, '2023-07-03 16:02:48', '/mytoken', 'Hello Samuel your remaining token for Chat GPT : count  4'),
(29, 1344122685, '2023-07-03 16:11:05', '/cara', 'Apa yang ingin kamu tanyakan?'),
(30, 1344122685, '2023-07-03 16:12:05', '/halo', '*Jenova Bot*\r\nWelcome to jenova bot, you can control me by sending these commands:\r\n\r\n*Chat GPT*\r\n/gpt - how to use fiture Chat GPT in Jenova Bot\n/mytoken - your remaining tokens for Chat GPT\r\n/myinfo - your account info\r\n\n'),
(31, 1344122685, '2023-07-03 16:13:40', '/gpt', '*Cara menggunakan fitur Chat GPT pada Jenova Bot*\n\nketik /gpt spasi prompt anda\n\nBerikut ada beberapa contoh penggunaan:\n`/gpt cara membuat nasi goreng`\n`/gpt cara hello world di java`\n`/gpt jelaskan perbedaan antara kodok dan katak`\n`/gpt cara mendapatkan ipk diatas 4`\n\nSecara default, anda telah memiliki 2 token chat gpt, token digunakan untuk menjalankan fitur chat gpt pada Jenova Bot.\n\nUntuk melihat sisan token anda dapat melakukan command `/mytoken`. '),
(32, 1344122685, '2023-07-03 16:13:44', '/mytoken', 'Hello Samuel your remaining token for Chat GPT : count  4'),
(33, 1344122685, '2023-07-03 16:13:49', '/myinfo', 'UserID/ChatID	: 1344122685\nUsername		: samuelandrey\nFirstname		: Samuel\nLastname		: Andrey'),
(34, 1344122685, '2023-07-03 16:14:45', 'sfd', '*Jenova Bot*\r\nWelcome to jenova bot, you can control me by sending these commands:\r\n\r\n*Chat GPT*\r\n/gpt - how to use Chat GPT in Jenova Bot\n/mytoken - your remaining tokens for Chat GPT\r\n/myinfo - your account info\r\n\n*Other*'),
(35, 1344122685, '2023-07-03 16:17:34', 'THIS IS BROADCAST FROM ADMIN', 'test sore'),
(36, 1344122685, '2023-07-03 16:24:33', 'test', '*Jenova Bot*\r\nWelcome to jenova bot, you can control me by sending these commands:\r\n\r\n*Chat GPT*\r\n/gpt - how to use Chat GPT in Jenova Bot\n/mytoken - your remaining tokens for Chat GPT\r\n/myinfo - your account info\r\n\n*Other*'),
(37, 1344122685, '2023-07-03 16:24:50', 'THIS IS BROADCAST FROM ADMIN', 'vsdf'),
(38, 1344122685, '2023-07-04 10:56:05', 'THIS IS BROADCAST FROM ADMIN', 'hjhhjk\n'),
(39, 1344122685, '2023-07-04 10:56:28', 'THIS IS BROADCAST FROM ADMIN', 'meowww\n'),
(40, 1344122685, '2023-07-04 10:57:42', 'THIS IS BROADCAST FROM ADMIN', 'meowww\n'),
(41, 1344122685, '2023-07-04 10:58:40', '/cara', 'Apa yang ingin kamu tanyakan?'),
(42, 1344122685, '2023-07-04 10:58:41', 'hhh', '*Jenova Bot*\r\nWelcome to jenova bot, you can control me by sending these commands:\r\n\r\n*Chat GPT*\r\n/gpt - how to use Chat GPT in Jenova Bot\n/mytoken - your remaining tokens for Chat GPT\r\n/myinfo - your account info\r\n\n*Other*'),
(43, 1344122685, '2023-07-04 10:58:41', 'klklk', '*Jenova Bot*\r\nWelcome to jenova bot, you can control me by sending these commands:\r\n\r\n*Chat GPT*\r\n/gpt - how to use Chat GPT in Jenova Bot\n/mytoken - your remaining tokens for Chat GPT\r\n/myinfo - your account info\r\n\n*Other*'),
(44, 1344122685, '2023-07-04 10:58:42', '/gpt', '*Cara menggunakan fitur Chat GPT pada Jenova Bot*\n\nketik /gpt spasi prompt anda\n\nBerikut ada beberapa contoh penggunaan:\n`/gpt cara membuat nasi goreng`\n`/gpt cara hello world di java`\n`/gpt jelaskan perbedaan antara kodok dan katak`\n`/gpt cara mendapatkan ipk diatas 4`\n\nSecara default, anda telah memiliki 2 token chat gpt, token digunakan untuk menjalankan fitur chat gpt pada Jenova Bot.\n\nUntuk melihat sisan token anda dapat melakukan command `/mytoken`. '),
(45, 1344122685, '2023-07-04 11:20:35', '/mytoken', 'Hello Samuel your remaining token for Chat GPT : count  5'),
(46, 201575235, '2023-07-04 11:20:35', '/start', '*Jenova Bot*\r\nWelcome to jenova bot, you can control me by sending these commands:\r\n\r\n*Chat GPT*\r\n/gpt - how to use Chat GPT in Jenova Bot\n/mytoken - your remaining tokens for Chat GPT\r\n/myinfo - your account info\r\n\n*Other*'),
(47, 201575235, '2023-07-04 11:20:36', 'tes', '*Jenova Bot*\r\nWelcome to jenova bot, you can control me by sending these commands:\r\n\r\n*Chat GPT*\r\n/gpt - how to use Chat GPT in Jenova Bot\n/mytoken - your remaining tokens for Chat GPT\r\n/myinfo - your account info\r\n\n*Other*'),
(48, 201575235, '2023-07-04 11:20:42', '/gpt', '*Cara menggunakan fitur Chat GPT pada Jenova Bot*\n\nketik /gpt spasi prompt anda\n\nBerikut ada beberapa contoh penggunaan:\n`/gpt cara membuat nasi goreng`\n`/gpt cara hello world di java`\n`/gpt jelaskan perbedaan antara kodok dan katak`\n`/gpt cara mendapatkan ipk diatas 4`\n\nSecara default, anda telah memiliki 2 token chat gpt, token digunakan untuk menjalankan fitur chat gpt pada Jenova Bot.\n\nUntuk melihat sisan token anda dapat melakukan command `/mytoken`. '),
(49, 201575235, '2023-07-04 11:20:57', '/mytoken', 'Hello Ajib your remaining token for Chat GPT : count  2'),
(50, 201575235, '2023-07-04 11:22:21', '/gpt code java catch', 'To catch and handle exceptions in Java, you can use the try-catch block. \n\nHere is an example of how to use it:\n\n```java\ntry {\n    // Code that may throw an exception\n    int result = divideNumbers(10, 0);\n    System.out.println(\"Result: \" + result);\n} catch (ArithmeticException e) {\n    // Exception handler for ArithmeticException\n    System.out.println(\"Cannot divide by zero!\");\n    e.printStackTrace();\n} catch (Exception e) {\n    // Generic exception handler\n    System.out.println(\"An error occurred!\");\n    e.printStackTrace();\n}\n```\n\nIn this example, we have a method `divideNumbers()` that may throw an `ArithmeticException` if the second parameter is zero. In the `try` block, we call this method and assign the result to a variable. If the exception is thrown, the control flow jumps to the relevant `catch` block.\n\nYou can have multiple `catch` blocks to handle different types of exceptions. The more specific exception types should be listed first, and more generic ones (like `Exception`) should be listed at the end. If an exception is not caught by any specific `catch` block, it will be caught by the generic `catch` block (if provided).\n\nWithin the `catch` block, you can handle the exception as needed. In the example above, we simply print an error message and stack trace using the `printStackTrace()` method.\n\nRemember to always handle exceptions that you expect to be thrown to prevent unexpected program termination.'),
(51, 201575235, '2023-07-04 11:25:13', 'THIS IS BROADCAST FROM ADMIN', 'hlo'),
(52, 1344122685, '2023-07-04 11:25:13', 'THIS IS BROADCAST FROM ADMIN', 'hlo'),
(53, 201575235, '2023-07-04 11:27:26', '/gpt cinta itu apa?', 'Token Chat GPT sudah habis.'),
(54, 1344122685, '2023-07-04 11:28:42', '/test', 'testttt'),
(55, 1344122685, '2023-07-04 11:29:13', '/cara', 'Apa yang ingin kamu tanyakan?'),
(56, 1344122685, '2023-07-04 11:29:18', '/cara', 'Apa yang ingin kamu tanyakan?'),
(57, 1344122685, '2023-07-04 11:29:57', '/halo', 'Halo'),
(58, 1220637501, '2023-07-04 21:36:50', '/gpt', '*Cara menggunakan fitur Chat GPT pada Jenova Bot*\n\nketik /gpt spasi prompt anda\n\nBerikut ada beberapa contoh penggunaan:\n`/gpt cara membuat nasi goreng`\n`/gpt cara hello world di java`\n`/gpt jelaskan perbedaan antara kodok dan katak`\n`/gpt cara mendapatkan ipk diatas 4`\n\nSecara default, anda telah memiliki 2 token chat gpt, token digunakan untuk menjalankan fitur chat gpt pada Jenova Bot.\n\nUntuk melihat sisan token anda dapat melakukan command `/mytoken`. '),
(59, 1220637501, '2023-07-04 21:36:56', '/gpt', '*Cara menggunakan fitur Chat GPT pada Jenova Bot*\n\nketik /gpt spasi prompt anda\n\nBerikut ada beberapa contoh penggunaan:\n`/gpt cara membuat nasi goreng`\n`/gpt cara hello world di java`\n`/gpt jelaskan perbedaan antara kodok dan katak`\n`/gpt cara mendapatkan ipk diatas 4`\n\nSecara default, anda telah memiliki 2 token chat gpt, token digunakan untuk menjalankan fitur chat gpt pada Jenova Bot.\n\nUntuk melihat sisan token anda dapat melakukan command `/mytoken`. '),
(60, 1220637501, '2023-07-04 21:37:27', '/gpt apa itu kontol?', 'Kontol adalah istilah dalam bahasa Indonesia yang digunakan untuk menyebut organ seksual pria, yaitu penis. Istilah ini biasanya digunakan secara vulgar dan kasar, sehingga sebaiknya digunakan dengan hati-hati dalam komunikasi sehari-hari.'),
(61, 1220637501, '2023-07-04 21:37:41', 'Kontol', '*Jenova Bot*\r\nWelcome to jenova bot, you can control me by sending these commands:\r\n\r\n*Chat GPT*\r\n/gpt - how to use Chat GPT in Jenova Bot\n/mytoken - your remaining tokens for Chat GPT\r\n/myinfo - your account info\r\n\n*Other*'),
(62, 1220637501, '2023-07-04 21:39:00', 'Hi', '*Jenova Bot*\r\nWelcome to jenova bot, you can control me by sending these commands:\r\n\r\n*Chat GPT*\r\n/gpt - how to use Chat GPT in Jenova Bot\n/mytoken - your remaining tokens for Chat GPT\r\n/myinfo - your account info\r\n\n*Other*'),
(63, 1220637501, '2023-07-04 21:39:04', 'Hoi', '*Jenova Bot*\r\nWelcome to jenova bot, you can control me by sending these commands:\r\n\r\n*Chat GPT*\r\n/gpt - how to use Chat GPT in Jenova Bot\n/mytoken - your remaining tokens for Chat GPT\r\n/myinfo - your account info\r\n\n*Other*'),
(64, 1220637501, '2023-07-04 21:39:08', 'Woyyy', '*Jenova Bot*\r\nWelcome to jenova bot, you can control me by sending these commands:\r\n\r\n*Chat GPT*\r\n/gpt - how to use Chat GPT in Jenova Bot\n/mytoken - your remaining tokens for Chat GPT\r\n/myinfo - your account info\r\n\n*Other*'),
(65, 1220637501, '2023-07-04 21:39:14', '/gpt', '*Cara menggunakan fitur Chat GPT pada Jenova Bot*\n\nketik /gpt spasi prompt anda\n\nBerikut ada beberapa contoh penggunaan:\n`/gpt cara membuat nasi goreng`\n`/gpt cara hello world di java`\n`/gpt jelaskan perbedaan antara kodok dan katak`\n`/gpt cara mendapatkan ipk diatas 4`\n\nSecara default, anda telah memiliki 2 token chat gpt, token digunakan untuk menjalankan fitur chat gpt pada Jenova Bot.\n\nUntuk melihat sisan token anda dapat melakukan command `/mytoken`. '),
(66, 1220637501, '2023-07-04 21:39:25', '/mytoken', 'Hello Ayatullah your remaining token for Chat GPT : count  1'),
(67, 1220637501, '2023-07-04 21:40:18', '/gpt how to connect firebase in svelte', 'To connect Firebase in a Svelte application, you can follow these steps:\n\n1. Install the necessary packages:\n   ```\n   npm install firebase\n   ```\n   \n2. Initialize Firebase in your Svelte app:\n   In your `App.svelte` or `main.js` (for older versions of Svelte), import and initialize Firebase with your Firebase project credentials. Make sure to replace `YOUR_FIREBASE_CONFIG` with your actual Firebase project configuration.\n   \n   ```javascript\n   import firebase from \'firebase/app\';\n   import \'firebase/firestore\';\n   import \'firebase/auth\';\n\n   // Initialize Firebase\n   const firebaseConfig = {\n     apiKey: \"YOUR_FIREBASE_API_KEY\",\n     authDomain: \"YOUR_FIREBASE_AUTH_DOMAIN\",\n     projectId: \"YOUR_FIREBASE_PROJECT_ID\",\n     storageBucket: \"YOUR_FIREBASE_STORAGE_BUCKET\",\n     messagingSenderId: \"YOUR_FIREBASE_MESSAGING_SENDER_ID\",\n     appId: \"YOUR_FIREBASE_APP_ID\"\n   };\n\n   firebase.initializeApp(firebaseConfig);\n\n   export const auth = firebase.auth();\n   export const db = firebase.firestore();\n   ```\n\n3. Use Firebase services in your Svelte components:\n   Now, you can import the `auth` and `db` from your main file, and use them in your components to interact with Firebase services such as authentication and Firestore.\n   \n   ```javascript\n   import { auth, db } from \'./main.js\';\n\n   // Example usage of Firebase services\n   // ...\n   ```\n\nKeep in mind that you might need to configure your Firebase project settings to allow connections from your development environment. You can do this by adding the appropriate domain or localhost URL to the Firebase project settings.\n\nRemember to also import any specific Firebase services you want to use (e.g., `firebase/firestore` for Firestore) and configure them accordingly.\n\nThat\'s it! You should now be able to connect and use Firebase services in your Svelte application.'),
(68, 1344122685, '2023-07-05 18:50:41', '/gpt cara membuat nasi goreng', 'Berikut adalah langkah-langkah untuk membuat nasi goreng:\n\nBahan-bahan yang dibutuhkan:\n1. 2 piring nasi putih yang sudah dingin\n2. 2 siung bawang putih, cincang halus\n3. 2 siung bawang merah, cincang halus\n4. 2 butir telur, dikocok lepas\n5. 100 gram daging ayam, dipotong kecil-kecil\n6. 50 gram udang, dikupas\n7. 1 wortel, dipotong dadu kecil\n8. 50 gram kacang polong beku\n9. 2 sendok makan kecap manis\n10. 1 sendok makan saus sambal (opsional)\n11. Minyak goreng secukupnya\n12. Garam dan merica secukupnya\n\nLangkah-langkah:\n1. Panaskan minyak dalam wajan besar atau penggorengan.\n2. Tumis bawang putih dan bawang merah hingga harum.\n3. Masukkan daging ayam, udang, wortel, dan kacang polong. Tumis hingga daging dan udang matang.\n4. Pindahkan semua bahan yang telah ditumis ke sisi wajan atau penggorengan agar tidak terlalu matang, dan kemudian ke dalam wadah terpisah.\n5. Di sisi yang kosong di wajan atau penggorengan, tuangkan telur yang sudah dikocok lepas. Aduk telur hingga setengah matang.\n6. Masukkan nasi putih yang sudah dingin ke dalam wajan atau penggorengan. Aduk rata dengan telur setengah matang.\n7. Tambahkan kecap manis dan saus sambal (jika menggunakan) ke dalam nasi. Aduk rata.\n8. Kembalikan semua bahan yang telah ditumis ke dalam wajan atau penggorengan. Aduk rata dengan nasi.\n9. Tambahkan garam dan merica sesuai dengan selera.\n10. Aduk semua bahan dalam wajan atau penggorengan hingga tercampur merata dan nasi terasa panas.\n11. Angkat nasi goreng dari wajan atau penggorengan, dan sajikan di piring saji.\n12. Hidangkan nasi goreng dengan irisan timun atau tomat sebagai pelengkap.\n\nSelamat mencoba membuat nasi goreng!'),
(69, 1344122685, '2023-07-05 18:55:08', '/cara hello world di python', '*Jenova Bot*\r\nWelcome to jenova bot, you can control me by sending these commands:\r\n\r\n*Chat GPT*\r\n/gpt - how to use Chat GPT in Jenova Bot\n/mytoken - your remaining tokens for Chat GPT\r\n/myinfo - your account info\r\n\n*Other*'),
(70, 1344122685, '2023-07-05 18:55:28', '/gpt cara hello world di python', 'Untuk mencetak \"Hello, World!\" menggunakan Python, Anda dapat menggunakan perintah `print` seperti ini:\n\n```python\nprint(\"Hello, World!\")\n```\n\nAnda dapat menyalin dan menjalankan kode di atas di lingkungan Python untuk melihat hasilnya. Ketika dijalankan, program akan mencetak teks \"Hello, World!\" ke layar.'),
(71, 1344122685, '2023-07-05 19:01:48', '/gpt cara hello world di ada programming language', 'Untuk mencetak \"Hello, World!\" di bahasa pemrograman Ada, Anda dapat menggunakan sintaks berikut:\n\n```ada\nwith Ada.Text_IO;\n\nprocedure Hello is\nbegin\n   Ada.Text_IO.Put_Line(\"Hello, World!\");\nend Hello;\n```\n\nKode di atas memanfaatkan pustaka standard `Ada.Text_IO` yang menyediakan prosedur `Put_Line` untuk mencetak baris teks ke keluaran. Ketika kode dieksekusi, itu akan mencetak \"Hello, World!\" ke layar.'),
(72, 1344122685, '2023-07-05 19:41:41', '/mytoken', 'Hello Samuel your remaining token for Chat GPT : count  0'),
(73, 1344122685, '2023-07-05 19:41:50', '/gpt ghahahahha', 'Token Chat GPT sudah habis. kami akan mencoba mencari di kamus kami'),
(74, 1344122685, '2023-07-05 19:41:51', '/gpt ghahahahha', 'Maaf kata kunci tidak terdaftar dalam kamus kami. Mohon hubungi administrator dengan akun @samuelandrey untuk menambahkan token Chat GPT anda.'),
(75, 1344122685, '2023-07-05 19:41:59', '/gpt', '*Cara menggunakan fitur Chat GPT pada Jenova Bot*\n\nketik /gpt spasi prompt anda\n\nBerikut ada beberapa contoh penggunaan:\n`/gpt cara membuat nasi goreng`\n`/gpt cara hello world di java`\n`/gpt jelaskan perbedaan antara kodok dan katak`\n`/gpt cara mendapatkan ipk diatas 4`\n\nSecara default, anda telah memiliki 2 token chat gpt, token digunakan untuk menjalankan fitur chat gpt pada Jenova Bot.\n\nUntuk melihat sisan token anda dapat melakukan command `/mytoken`. '),
(76, 1344122685, '2023-07-05 19:42:10', '/gpt hello world', 'Token Chat GPT sudah habis. kami akan mencoba mencari di kamus kami'),
(77, 1344122685, '2023-07-05 19:42:11', '/gpt hello world', 'Untuk mencetak \"Hello, World!\" di bahasa pemrograman Ada, Anda dapat menggunakan sintaks berikut:\n\n```ada\nwith Ada.Text_IO;\n\nprocedure Hello is\nbegin\n   Ada.Text_IO.Put_Line(\"Hello, World!\");\nend Hello;\n```\n\nKode di atas memanfaatkan pustaka standard `Ada.Text_IO` yang menyediakan prosedur `Put_Line` untuk mencetak baris teks ke keluaran. Ketika kode dieksekusi, itu akan mencetak \"Hello, World!\" ke layar.'),
(78, 1344122685, '2023-07-05 19:42:26', '/gpt', '*Cara menggunakan fitur Chat GPT pada Jenova Bot*\n\nketik /gpt spasi prompt anda\n\nBerikut ada beberapa contoh penggunaan:\n`/gpt cara membuat nasi goreng`\n`/gpt cara hello world di java`\n`/gpt jelaskan perbedaan antara kodok dan katak`\n`/gpt cara mendapatkan ipk diatas 4`\n\nSecara default, anda telah memiliki 2 token chat gpt, token digunakan untuk menjalankan fitur chat gpt pada Jenova Bot.\n\nUntuk melihat sisan token anda dapat melakukan command `/mytoken`. '),
(79, 1344122685, '2023-07-05 19:42:36', '/gpt cara hello world di python', 'Token Chat GPT sudah habis. kami akan mencoba mencari di kamus kami'),
(80, 1344122685, '2023-07-05 19:42:36', '/gpt cara hello world di python', 'Untuk mencetak \"Hello, World!\" menggunakan Python, Anda dapat menggunakan perintah `print` seperti ini:\r\n\r\n```python\r\nprint(\"Hello, World!\")\r\n```\r\n\r\nAnda dapat menyalin dan menjalankan kode di atas di lingkungan Python untuk melihat hasilnya. Ketika dijalankan, program akan mencetak teks \"Hello, World!\" ke layar.'),
(81, 1344122685, '2023-07-05 19:50:05', '/gpt apa itu php PDO?', 'PHP PDO (PHP Data Objects) adalah sebuah ekstensi PHP yang digunakan untuk menghubungkan aplikasi PHP dengan berbagai jenis basis data. PDO menyediakan antarmuka yang konsisten untuk berinteraksi dengan basis data seperti MySQL, PostgreSQL, SQLite, dan lainnya.\n\nKeuntungan menggunakan PHP PDO antara lain:\n\n1. Portabilitas: PDO memungkinkan pengembang untuk menulis kode yang dapat dipindahkan dengan mudah antara berbagai jenis basis data tanpa perlu memodifikasi ulang kode.\n\n2. Keamanan: PDO menyediakan fitur-fitur keamanan yang kuat, termasuk penggunaan parameterisasi untuk menghindari serangan injeksi SQL.\n\n3. Performa: PDO digunakan untuk mengoptimalkan kinerja dan waktu eksekusi query dengan menggunakan fitur caching.\n\n4. Fleksibilitas: PDO memungkinkan penggunaan mode transaksi yang berguna saat bekerja dengan operasi basis data yang kompleks. Selain itu, juga mendukung penggunaan multiple active result sets (MARS) untuk query yang melibatkan beberapa hasil.\n\nDalam melaksanakan tugasnya, PDO menggunakan objek-objek yang disebut \"PDO Statement\" untuk mewakili statement SQL yang dilakukan terhadap database. Ini memungkinkan pengembang untuk mengikat parameter, mengeksekusi statement, dan mengambil hasil dengan mudah.\n\nDengan menggunakan PHP PDO, pengembang dapat mengembangkan aplikasi PHP yang lebih terstruktur, lebih aman, dan lebih mudah dipelihara ketika berinteraksi dengan basis data.'),
(82, 1344122685, '2023-07-05 19:50:57', '/gpt apa yang dimaksud dengan php database', 'PHP database merupakan istilah yang digunakan untuk mengacu pada penggunaan bahasa pemrograman PHP dalam mengakses dan mengelola database. PHP merupakan salah satu bahasa pemrograman server-side yang populer digunakan untuk membuat aplikasi web. Sementara itu, database adalah tempat penyimpanan yang terstruktur untuk menyimpan data secara persisten. Dengan menggunakan PHP database, Anda dapat melakukan operasi CRUD (Create, Read, Update, Delete) data pada database seperti memasukkan data baru, membaca data yang ada, mengupdate data, dan menghapus data.'),
(83, 1344122685, '2023-07-05 19:51:14', '/mytoken', 'Hello Samuel your remaining token for Chat GPT : count  0'),
(84, 1344122685, '2023-07-05 19:51:29', '/gpt php database', 'Token Chat GPT sudah habis. kami akan mencoba mencari di kamus kami'),
(85, 1344122685, '2023-07-05 19:51:29', '/gpt php database', 'PHP database merupakan istilah yang digunakan untuk mengacu pada penggunaan bahasa pemrograman PHP dalam mengakses dan mengelola database. PHP merupakan salah satu bahasa pemrograman server-side yang populer digunakan untuk membuat aplikasi web. Sementara itu, database adalah tempat penyimpanan yang terstruktur untuk menyimpan data secara persisten. Dengan menggunakan PHP database, Anda dapat melakukan operasi CRUD (Create, Read, Update, Delete) data pada database seperti memasukkan data baru, membaca data yang ada, mengupdate data, dan menghapus data.'),
(86, 1344122685, '2023-07-05 19:51:38', '/gpt php pdo', 'Token Chat GPT sudah habis. kami akan mencoba mencari di kamus kami'),
(87, 1344122685, '2023-07-05 19:51:40', '/gpt php pdo', 'PHP PDO (PHP Data Objects) adalah sebuah ekstensi PHP yang digunakan untuk menghubungkan aplikasi PHP dengan berbagai jenis basis data. PDO menyediakan antarmuka yang konsisten untuk berinteraksi dengan basis data seperti MySQL, PostgreSQL, SQLite, dan lainnya.\n\nKeuntungan menggunakan PHP PDO antara lain:\n\n1. Portabilitas: PDO memungkinkan pengembang untuk menulis kode yang dapat dipindahkan dengan mudah antara berbagai jenis basis data tanpa perlu memodifikasi ulang kode.\n\n2. Keamanan: PDO menyediakan fitur-fitur keamanan yang kuat, termasuk penggunaan parameterisasi untuk menghindari serangan injeksi SQL.\n\n3. Performa: PDO digunakan untuk mengoptimalkan kinerja dan waktu eksekusi query dengan menggunakan fitur caching.\n\n4. Fleksibilitas: PDO memungkinkan penggunaan mode transaksi yang berguna saat bekerja dengan operasi basis data yang kompleks. Selain itu, juga mendukung penggunaan multiple active result sets (MARS) untuk query yang melibatkan beberapa hasil.\n\nDalam melaksanakan tugasnya, PDO menggunakan objek-objek yang disebut \"PDO Statement\" untuk mewakili statement SQL yang dilakukan terhadap database. Ini memungkinkan pengembang untuk mengikat parameter, mengeksekusi statement, dan mengambil hasil dengan mudah.\n\nDengan menggunakan PHP PDO, pengembang dapat mengembangkan aplikasi PHP yang lebih terstruktur, lebih aman, dan lebih mudah dipelihara ketika berinteraksi dengan basis data.'),
(88, 1344122685, '2023-07-06 20:12:37', 'THIS IS BROADCAST FROM ADMIN', 'Halo'),
(89, 1344122685, '2023-07-06 20:12:54', '/mytoken', 'Hello Samuel your remaining token for Chat GPT : count  0'),
(90, 1344122685, '2023-07-06 20:13:02', '/gpt hello word', 'Token Chat GPT sudah habis. kami akan mencoba mencarikan prompt anda di kamus kami'),
(91, 1344122685, '2023-07-06 20:13:02', '/gpt hello word', 'Untuk mencetak \"Hello, World!\" di bahasa pemrograman Ada, Anda dapat menggunakan sintaks berikut:\n\n```ada\nwith Ada.Text_IO;\n\nprocedure Hello is\nbegin\n   Ada.Text_IO.Put_Line(\"Hello, World!\");\nend Hello;\n```\n\nKode di atas memanfaatkan pustaka standard `Ada.Text_IO` yang menyediakan prosedur `Put_Line` untuk mencetak baris teks ke keluaran. Ketika kode dieksekusi, itu akan mencetak \"Hello, World!\" ke layar.'),
(92, 1344122685, '2023-07-06 20:20:02', 'awefwe', '*Jenova Bot*\r\nWelcome to jenova bot, you can control me by sending these commands:\r\n\r\n*Chat GPT*\r\n/gpt - how to use Chat GPT in Jenova Bot\n/mytoken - your remaining tokens for Chat GPT\r\n/myinfo - your account info\r\n\n*Materi Pembelajaran*\nBerikut adalah materi pembelajaran materi dari PHP Database dan PHP PDO.\nPHP Database:\n1. /phpdb - pengantar PHP database\n2. /phpkoneksi - cara koneksi php ke database mysql\n3. /phpselect - menampilkan data dari database\n4. /phpinsert - menambahkan data ke database\n5. /phpupdate - mengubah data dalam database\n6. /phpdelete - mengahapus data dalam database'),
(93, 1344122685, '2023-07-06 20:20:35', 'asdf', '*Jenova Bot*\r\nWelcome to jenova bot, you can control me by sending these commands:\r\n\r\n*Chat GPT*\r\n/gpt - how to use Chat GPT in Jenova Bot\n/mytoken - your remaining tokens for Chat GPT\r\n/myinfo - your account info\r\n\n*Materi Pembelajaran*\nBerikut adalah materi pembelajaran dari PHP Database dan PHP PDO.\n\nPHP Database:\n1. /phpdb - pengantar PHP database\n2. /phpkoneksi - cara koneksi php ke database mysql\n3. /phpselect - menampilkan data dari database\n4. /phpinsert - menambahkan data ke database\n5. /phpupdate - mengubah data dalam database\n6. /phpdelete - mengahapus data dalam database'),
(94, 1344122685, '2023-07-06 20:24:16', 'ASD', '*Jenova Bot*\r\nWelcome to jenova bot, you can control me by sending these commands:\r\n\r\n*Chat GPT*\r\n/gpt - how to use Chat GPT in Jenova Bot\n/mytoken - your remaining tokens for Chat GPT\r\n/myinfo - your account info\r\n\n*Materi Pembelajaran*\nBerikut adalah materi pembelajaran dari PHP Database dan PHP PDO.\n\nPHP Database:\n1. /phpdb - pengantar PHP database\n2. /phpkoneksi - cara koneksi php ke database mysql\n3. /phpselect - menampilkan data dari database\n4. /phpinsert - menambahkan data ke database\n5. /phpupdate - mengubah data dalam database\n6. /phpdelete - mengahapus data dalam database\n\nPHP PDO:\n1. /pdo - pengantar PDO\n2. /pdokoneksi - cara koneksi PDO ke database MySQL\n3. /pdoselect - menampilkan data dari database dengan PDO\n4. /pdoinsert - menambahkan data ke database dengan PDO\n5. /pdopupdate - mengubah data dalam database dengan PDO\n6. /pdodelete - mengahapus data dalam database dengan PDO\n\nPREPARE STATEMENT:'),
(95, 1344122685, '2023-07-06 20:25:48', 'fad', '*Jenova Bot*\r\nWelcome to jenova bot, you can control me by sending these commands:\r\n\r\n*Chat GPT*\r\n/gpt - how to use Chat GPT in Jenova Bot\n/mytoken - your remaining tokens for Chat GPT\r\n/myinfo - your account info\r\n\n*Materi Pembelajaran*\n_Berikut adalah urutan materi pembelajaran dari PHP Database dan PDO (PHP Data Objects)._\nPHP Database:\n1. /phpdb - pengantar PHP database\n2. /phpkoneksi - cara koneksi php ke database mysql\n3. /phpselect - menampilkan data dari database\n4. /phpinsert - menambahkan data ke database\n5. /phpupdate - mengubah data dalam database\n6. /phpdelete - mengahapus data dalam database\n\nPHP PDO:\n1. /pdo - pengantar PDO\n2. /pdokoneksi - cara koneksi PDO ke database MySQL\n3. /pdoselect - menampilkan data dari database dengan PDO\n4. /pdoinsert - menambahkan data ke database dengan PDO\n5. /pdopupdate - mengubah data dalam database dengan PDO\n6. /pdodelete - mengahapus data dalam database dengan PDO\n\nPREPARE STATEMENT:'),
(96, 1344122685, '2023-07-06 20:26:46', 'asd', '*Jenova Bot*\r\nWelcome to jenova bot, you can control me by sending these commands:\r\n\r\n*Chat GPT*\r\n/gpt - how to use Chat GPT in Jenova Bot\n/mytoken - your remaining tokens for Chat GPT\r\n/myinfo - your account info\r\n\n*Materi Pembelajaran*\n_Berikut adalah urutan materi pembelajaran dari PHP Database dan PDO (PHP Data Objects):_\n\nPHP Database:\n1. /phpdb - pengantar PHP database\n2. /phpkoneksi - cara koneksi php ke database mysql\n3. /phpselect - menampilkan data dari database\n4. /phpinsert - menambahkan data ke database\n5. /phpupdate - mengubah data dalam database\n6. /phpdelete - mengahapus data dalam database\n\nPHP PDO:\n1. /pdo - pengantar PDO\n2. /pdokoneksi - cara koneksi PDO ke database MySQL\n3. /pdoselect - menampilkan data dari database dengan PDO\n4. /pdoinsert - menambahkan data ke database dengan PDO\n5. /pdopupdate - mengubah data dalam database dengan PDO\n6. /pdodelete - mengahapus data dalam database dengan PDO\n\nPREPARE STATEMENT:'),
(97, 1344122685, '2023-07-06 20:29:36', 'THIS IS BROADCAST FROM ADMIN', 'Halo'),
(98, 1344122685, '2023-07-06 20:29:50', '/phpdb', '*Jenova Bot*\r\nWelcome to jenova bot, you can control me by sending these commands:\r\n\r\n*Chat GPT*\r\n/gpt - how to use Chat GPT in Jenova Bot\n/mytoken - your remaining tokens for Chat GPT\r\n/myinfo - your account info\r\n\n*Materi Pembelajaran*\n_Berikut adalah urutan materi pembelajaran dari PHP Database dan PDO (PHP Data Objects):_\n\nPHP Database:\n1. /phpdb - pengantar PHP database\n2. /phpkoneksi - cara koneksi php ke database mysql\n3. /phpselect - menampilkan data dari database\n4. /phpinsert - menambahkan data ke database\n5. /phpupdate - mengubah data dalam database\n6. /phpdelete - mengahapus data dalam database\n\nPHP PDO:\n1. /pdo - pengantar PDO\n2. /pdokoneksi - cara koneksi PDO ke database MySQL\n3. /pdoselect - menampilkan data dari database dengan PDO\n4. /pdoinsert - menambahkan data ke database dengan PDO\n5. /pdopupdate - mengubah data dalam database dengan PDO\n6. /pdodelete - mengahapus data dalam database dengan PDO\n\nPREPARE STATEMENT:'),
(99, 1344122685, '2023-07-06 20:32:51', '/phpdb', 'PHP Database merujuk pada penggunaan bahasa pemrograman PHP untuk berinteraksi dengan database. Dalam konteks ini, PHP digunakan sebagai penghubung antara aplikasi web yang dikembangkan dengan database yang menyimpan dan mengelola data.\n\nPHP Database memungkinkan pengembang untuk melakukan berbagai operasi seperti mengambil, menambahkan, memperbarui, dan menghapus data dalam database. Pengembang dapat menggunakan pernyataan SQL atau fungsi yang disediakan oleh ekstensi database PHP, seperti mysqli atau PDO, untuk berinteraksi dengan database.\n\nSelain itu, PHP Database juga melibatkan konfigurasi koneksi antara aplikasi PHP dan database. Koneksi ini memungkinkan aplikasi PHP untuk mengirim permintaan ke database dan menerima hasilnya.\n\nKeamanan juga menjadi aspek penting dalam PHP Database. Langkah-langkah keamanan seperti penggunaan prepared statement atau parameter binding perlu diterapkan untuk mencegah serangan seperti SQL injection, yang dapat mengancam keamanan dan integritas data.\n\nDalam rangkaian pembuatan aplikasi web yang kompleks, PHP Database memainkan peran penting dalam mengelola dan menyimpan data yang diperlukan oleh aplikasi tersebut. Dengan menggunakan PHP Database, pengembang dapat memanfaatkan kekuatan dan fleksibilitas bahasa PHP untuk membangun aplikasi web yang interaktif dan dinamis.'),
(100, 1344122685, '2023-07-06 20:35:43', 'asf', '*Jenova Bot*\r\nWelcome to jenova bot, you can control me by sending these commands:\r\n\r\n*Chat GPT*\r\n/gpt - how to use Chat GPT in Jenova Bot\n/mytoken - your remaining tokens for Chat GPT\r\n/myinfo - your account info\r\n\n*Materi Pembelajaran*\n_Berikut adalah urutan materi pembelajaran dari PHP Database dan PDO (PHP Data Objects):_\n\nPHP Database:\n1. /phpdb - pengantar PHP database\n2. /phpkoneksi - cara koneksi php ke database mysql\n3. /phpselect - menampilkan data dari database\n4. /phpinsert - menambahkan data ke database\n5. /phpupdate - mengubah data dalam database\n6. /phpdelete - mengahapus data dalam database\n\nPHP PDO:\n1. /pdo - pengantar PDO\n2. /pdokoneksi - cara koneksi PDO ke database MySQL\n3. /pdoselect - menampilkan data dari database dengan PDO\n4. /pdoinsert - menambahkan data ke database dengan PDO\n5. /pdopupdate - mengubah data dalam database dengan PDO\n6. /pdodelete - mengahapus data dalam database dengan PDO\n\nPREPARE STATEMENT:'),
(101, 1344122685, '2023-07-06 20:35:46', '/pdo', 'PHP PDO (PHP Data Objects) adalah ekstensi dalam PHP yang menyediakan antarmuka konsisten untuk berinteraksi dengan berbagai jenis database. Dengan PDO, pengembang dapat terhubung dan berkomunikasi dengan database menggunakan kode PHP yang sama, tidak peduli jenis database yang digunakan. PDO memungkinkan penggunaan prepared statement untuk mencegah serangan SQL injection, dan juga menyediakan fleksibilitas dalam mengakses dan mengelola data dalam database.'),
(102, 1344122685, '2023-07-06 20:41:02', '/phpkoneksi', '*Jenova Bot*\r\nWelcome to jenova bot, you can control me by sending these commands:\r\n\r\n*Chat GPT*\r\n/gpt - how to use Chat GPT in Jenova Bot\n/mytoken - your remaining tokens for Chat GPT\r\n/myinfo - your account info\r\n\n*Materi Pembelajaran*\n_Berikut adalah urutan materi pembelajaran dari PHP Database dan PDO (PHP Data Objects):_\n\nPHP Database:\n1. /phpdb - pengantar PHP database\n2. /phpkoneksi - cara koneksi php ke database mysql\n3. /phpselect - menampilkan data dari database\n4. /phpinsert - menambahkan data ke database\n5. /phpupdate - mengubah data dalam database\n6. /phpdelete - mengahapus data dalam database\n\nPHP PDO:\n1. /pdo - pengantar PDO\n2. /pdokoneksi - cara koneksi PDO ke database MySQL\n3. /pdoselect - menampilkan data dari database dengan PDO\n4. /pdoinsert - menambahkan data ke database dengan PDO\n5. /pdopupdate - mengubah data dalam database dengan PDO\n6. /pdodelete - mengahapus data dalam database dengan PDO\n\nPREPARE STATEMENT:'),
(103, 1344122685, '2023-07-06 20:41:39', '/phpkoneksi', '\n<?php\n$servername = \"localhost\";\n$username = \"username\";\n$password = \"password\";\n$dbname = \"database_name\";\n\n// Membuat koneksi\n$conn = mysqli_connect($servername, $username, $password, $dbname);\n\n// Memeriksa koneksi\nif (!$conn) {\n    die(\"Koneksi gagal: \" . mysqli_connect_error());\n}\necho \"Koneksi berhasil\";\n?>\n'),
(104, 1344122685, '2023-07-06 20:43:06', '/phpkoneksi', '```\n<?php\n$servername = \"localhost\";\n$username = \"username\";\n$password = \"password\";\n$dbname = \"database_name\";\n\n// Membuat koneksi\n$conn = mysqli_connect($servername, $username, $password, $dbname);\n\n// Memeriksa koneksi\nif (!$conn) {\n    die(\"Koneksi gagal: \" . mysqli_connect_error());\n}\necho \"Koneksi berhasil\";\n?>\n```'),
(105, 1344122685, '2023-07-06 20:45:56', '/phpkoneksi', '``php\n<?php\n$servername = \"localhost\";\n$username = \"username\";\n$password = \"password\";\n$dbname = \"database_name\";\n\n// Membuat koneksi\n$conn = mysqli_connect($servername, $username, $password, $dbname);\n\n// Memeriksa koneksi\nif (!$conn) {\n    die(\"Koneksi gagal: \" . mysqli_connect_error());\n}\necho \"Koneksi berhasil\";\n?>\n``'),
(106, 1344122685, '2023-07-06 20:46:45', '/phpkoneksi', '`\n<?php\n$servername = \"localhost\";\n$username = \"username\";\n$password = \"password\";\n$dbname = \"database_name\";\n\n// Membuat koneksi\n$conn = mysqli_connect($servername, $username, $password, $dbname);\n\n// Memeriksa koneksi\nif (!$conn) {\n    die(\"Koneksi gagal: \" . mysqli_connect_error());\n}\necho \"Koneksi berhasil\";\n?>\n`'),
(107, 1344122685, '2023-07-06 20:52:20', 'THIS IS BROADCAST FROM ADMIN', '\n```\nKoneksi ke Database:\nMembuat koneksi ke database menggunakan fungsi mysqli_connect().\nContoh program:\n\n<?php\n$servername = \"localhost\";\n$username = \"username\";\n$password = \"password\";\n$dbname = \"database_name\";\n\n// Membuat koneksi\n$conn = mysqliconnect($servername, $username, $password, $dbname);\n\n// Memeriksa koneksi\nif (!$conn) {\n    die(\"Koneksi gagal: \" . mysqli_connect_error());\n}\necho \"Koneksi berhasil\";\n?>\n```'),
(108, 1344122685, '2023-07-06 20:53:35', 'THIS IS BROADCAST FROM ADMIN', 'Koneksi ke Database:\nMembuat koneksi ke database menggunakan fungsi ```mysqli_connect()```\nContoh program:\n```\n\n\n<?php\n$servername = \"localhost\";\n$username = \"username\";\n$password = \"password\";\n$dbname = \"database_name\";\n\n// Membuat koneksi\n$conn = mysqliconnect($servername, $username, $password, $dbname);\n\n// Memeriksa koneksi\nif (!$conn) {\n    die(\"Koneksi gagal: \" . mysqli_connect_error());\n}\necho \"Koneksi berhasil\";\n?>\n```'),
(109, 1344122685, '2023-07-06 20:54:10', 'THIS IS BROADCAST FROM ADMIN', 'Koneksi ke Database:\nMembuat koneksi ke database menggunakan fungsi  `mysqli_connect()`\n\nContoh program:\n\n```\n<?php\n$servername = \"localhost\";\n$username = \"username\";\n$password = \"password\";\n$dbname = \"database_name\";\n\n// Membuat koneksi\n$conn = mysqliconnect($servername, $username, $password, $dbname);\n\n// Memeriksa koneksi\nif (!$conn) {\n    die(\"Koneksi gagal: \" . mysqli_connect_error());\n}\necho \"Koneksi berhasil\";\n?>\n```'),
(110, 1344122685, '2023-07-06 20:56:03', 'THIS IS BROADCAST FROM ADMIN', 'Koneksi ke Database:\nMembuat koneksi ke database menggunakan fungsi `mysqli_connect()`\nContoh program:\n```\n<?php\n$servername = \"localhost\";\n$username = \"username\";\n$password = \"password\";\n$dbname = \"database_name\";\n\n// Membuat koneksi\n$conn = mysqli_connect($servername, $username, $password, $dbname);\n\n// Memeriksa koneksi\nif (!$conn) {\n    die(\"Koneksi gagal: \" . mysqli_connect_error());\n}\necho \"Koneksi berhasil\";\n?>\n```'),
(111, 1344122685, '2023-07-06 20:56:14', '/phpkoneksi', 'Koneksi ke Database:\nMembuat koneksi ke database menggunakan fungsi `mysqli_connect()`\nContoh program:\n```\n<?php\n$servername = \"localhost\";\n$username = \"username\";\n$password = \"password\";\n$dbname = \"database_name\";\n\n// Membuat koneksi\n$conn = mysqli_connect($servername, $username, $password, $dbname);\n\n// Memeriksa koneksi\nif (!$conn) {\n    die(\"Koneksi gagal: \" . mysqli_connect_error());\n}\necho \"Koneksi berhasil\";\n?>\n```'),
(112, 1344122685, '2023-07-06 20:56:32', 'fdsaf', '*Jenova Bot*\r\nWelcome to jenova bot, you can control me by sending these commands:\r\n\r\n*Chat GPT*\r\n/gpt - how to use Chat GPT in Jenova Bot\n/mytoken - your remaining tokens for Chat GPT\r\n/myinfo - your account info\r\n\n*Materi Pembelajaran*\n_Berikut adalah urutan materi pembelajaran dari PHP Database dan PDO (PHP Data Objects):_\n\nPHP Database:\n1. /phpdb - pengantar PHP database\n2. /phpkoneksi - cara koneksi php ke database mysql\n3. /phpselect - menampilkan data dari database\n4. /phpinsert - menambahkan data ke database\n5. /phpupdate - mengubah data dalam database\n6. /phpdelete - mengahapus data dalam database\n\nPHP PDO:\n1. /pdo - pengantar PDO\n2. /pdokoneksi - cara koneksi PDO ke database MySQL\n3. /pdoselect - menampilkan data dari database dengan PDO\n4. /pdoinsert - menambahkan data ke database dengan PDO\n5. /pdopupdate - mengubah data dalam database dengan PDO\n6. /pdodelete - mengahapus data dalam database dengan PDO\n\nPREPARE STATEMENT:'),
(113, 1344122685, '2023-07-06 20:57:22', '/phpdb', 'PHP Database merujuk pada penggunaan bahasa pemrograman PHP untuk berinteraksi dengan database. Dalam konteks ini, PHP digunakan sebagai penghubung antara aplikasi web yang dikembangkan dengan database yang menyimpan dan mengelola data.\n\nPHP Database memungkinkan pengembang untuk melakukan berbagai operasi seperti mengambil, menambahkan, memperbarui, dan menghapus data dalam database. Pengembang dapat menggunakan pernyataan SQL atau fungsi yang disediakan oleh ekstensi database PHP, seperti mysqli atau PDO, untuk berinteraksi dengan database.\n\nSelain itu, PHP Database juga melibatkan konfigurasi koneksi antara aplikasi PHP dan database. Koneksi ini memungkinkan aplikasi PHP untuk mengirim permintaan ke database dan menerima hasilnya.\n\nKeamanan juga menjadi aspek penting dalam PHP Database. Langkah-langkah keamanan seperti penggunaan prepared statement atau parameter binding perlu diterapkan untuk mencegah serangan seperti SQL injection, yang dapat mengancam keamanan dan integritas data.\n\nDalam rangkaian pembuatan aplikasi web yang kompleks, PHP Database memainkan peran penting dalam mengelola dan menyimpan data yang diperlukan oleh aplikasi tersebut. Dengan menggunakan PHP Database, pengembang dapat memanfaatkan kekuatan dan fleksibilitas bahasa PHP untuk membangun aplikasi web yang interaktif dan dinamis.'),
(114, 1344122685, '2023-07-06 20:57:25', '/phpkoneksi', 'Koneksi ke Database:\nMembuat koneksi ke database menggunakan fungsi `mysqli_connect()`\nContoh program:\n\n```\n<?php\n$servername = \"localhost\";\n$username = \"username\";\n$password = \"password\";\n$dbname = \"database_name\";\n\n// Membuat koneksi\n$conn = mysqli_connect($servername, $username, $password, $dbname);\n\n// Memeriksa koneksi\nif (!$conn) {\n    die(\"Koneksi gagal: \" . mysqli_connect_error());\n}\necho \"Koneksi berhasil\";\n?>\n```'),
(115, 1344122685, '2023-07-06 20:57:29', '/pdo', 'PHP PDO (PHP Data Objects) adalah ekstensi dalam PHP yang menyediakan antarmuka konsisten untuk berinteraksi dengan berbagai jenis database. Dengan PDO, pengembang dapat terhubung dan berkomunikasi dengan database menggunakan kode PHP yang sama, tidak peduli jenis database yang digunakan. PDO memungkinkan penggunaan prepared statement untuk mencegah serangan SQL injection, dan juga menyediakan fleksibilitas dalam mengakses dan mengelola data dalam database.'),
(116, 1344122685, '2023-07-06 20:59:00', '/phpselect', 'Menampilkan Data dari Tabel:\nMenggunakan query `SELECT` untuk mengambil data dari tabel.\nMenggunakan `fungsi mysqli_query()` untuk menjalankan query.\nMenggunakan fungsi `mysqli_fetch_assoc()` untuk mengambil setiap baris hasil query.\nContoh program:\n\n```\n<?php\n$sql = \"SELECT * FROM nama_tabel\";\n$result = mysqli_query($conn, $sql);\n\nif (mysqli_num_rows($result) > 0) {\n    while ($row = mysqli_fetch_assoc($result)) {\n        echo \"ID: \" . $row[\"id\"]. \" - Nama: \" . $row[\"nama\"]. \"<br>\";\n    }\n} else {\n    echo \"Tidak ada data\";\n}\n?>\n```'),
(117, 1344122685, '2023-07-06 21:00:56', '/phpselect', '*Menampilkan Data dari Tabel:*\n\nMenggunakan query `SELECT` untuk mengambil data dari tabel.\nMenggunakan `fungsi mysqli_query()` untuk menjalankan query.\nMenggunakan fungsi `mysqli_fetch_assoc()` untuk mengambil setiap baris hasil query.\n\nContoh program:\n\n```\n<?php\n$sql = \"SELECT * FROM nama_tabel\";\n$result = mysqli_query($conn, $sql);\n\nif (mysqli_num_rows($result) > 0) {\n    while ($row = mysqli_fetch_assoc($result)) {\n        echo \"ID: \" . $row[\"id\"]. \" - Nama: \" . $row[\"nama\"]. \"<br>\";\n    }\n} else {\n    echo \"Tidak ada data\";\n}\n?>\n```'),
(118, 1344122685, '2023-07-06 21:00:57', '/phpselect', '*Menampilkan Data dari Tabel:*\n\nMenggunakan query `SELECT` untuk mengambil data dari tabel.\nMenggunakan `fungsi mysqli_query()` untuk menjalankan query.\nMenggunakan fungsi `mysqli_fetch_assoc()` untuk mengambil setiap baris hasil query.\n\nContoh program:\n\n```\n<?php\n$sql = \"SELECT * FROM nama_tabel\";\n$result = mysqli_query($conn, $sql);\n\nif (mysqli_num_rows($result) > 0) {\n    while ($row = mysqli_fetch_assoc($result)) {\n        echo \"ID: \" . $row[\"id\"]. \" - Nama: \" . $row[\"nama\"]. \"<br>\";\n    }\n} else {\n    echo \"Tidak ada data\";\n}\n?>\n```');
INSERT INTO `tb_history` (`id_history`, `id_user`, `time`, `request`, `response`) VALUES
(119, 1344122685, '2023-07-06 21:01:42', 'sdfg', '*Jenova Bot*\r\nWelcome to jenova bot, you can control me by sending these commands:\r\n\r\n*Chat GPT*\r\n/gpt - how to use Chat GPT in Jenova Bot\n/mytoken - your remaining tokens for Chat GPT\r\n/myinfo - your account info\r\n\n*Materi Pembelajaran*\n_Berikut adalah urutan materi pembelajaran dari PHP Database dan PDO (PHP Data Objects):_\n\nPHP Database:\n1. /phpdb - pengantar PHP database\n2. /phpkoneksi - cara koneksi php ke database mysql\n3. /phpselect - menampilkan data dari database\n4. /phpinsert - menambahkan data ke database\n5. /phpupdate - mengubah data dalam database\n6. /phpdelete - mengahapus data dalam database\n\nPHP PDO:\n1. /pdo - pengantar PDO\n2. /pdokoneksi - cara koneksi PDO ke database MySQL\n3. /pdoselect - menampilkan data dari database dengan PDO\n4. /pdoinsert - menambahkan data ke database dengan PDO\n5. /pdopupdate - mengubah data dalam database dengan PDO\n6. /pdodelete - mengahapus data dalam database dengan PDO\n\nPREPARE STATEMENT:'),
(120, 1344122685, '2023-07-06 21:02:50', '/phpinsert', '*Menambahkan Data ke Tabel:*\n\nMenggunakan query `INSERT INTO` untuk menambahkan data baru ke tabel.\nContoh program:\n\n```\n<?php\n$sql = \"INSERT INTO nama_tabel (kolom1, kolom2, kolom3) VALUES (\'nilai1\', \'nilai2\', \'nilai3\')\";\n\nif (mysqli_query($conn, $sql)) {\n    echo \"Data berhasil ditambahkan\";\n} else {\n    echo \"Error: \" . $sql . \"<br>\" . mysqli_error($conn);\n}\n?>\n```'),
(121, 1344122685, '2023-07-06 21:04:09', '/phpupdate', '*Mengubah Data dalam Tabel:*\n\nMenggunakan query `UPDATE` untuk mengubah data yang sudah ada dalam tabel.\nContoh program:\n\n```\n<?php\n$sql = \"UPDATE nama_tabel SET kolom1=\'nilai1\', kolom2=\'nilai2\' WHERE kondisi\";\n\nif (mysqli_query($conn, $sql)) {\n    echo \"Data berhasil diubah\";\n} else {\n    echo \"Error updating record: \" . mysqli_error($conn);\n}\n?>\n```'),
(122, 1344122685, '2023-07-06 21:12:00', '/phpdelete', '*Menghapus Data dalam Tabel:*\n\nMenggunakan query `DELETE` untuk menghapus data dari tabel.\nContoh program:\n\n```\n<?php\n$sql = \"DELETE FROM nama_tabel WHERE kondisi\";\n\nif (mysqli_query($conn, $sql)) {\n    echo \"Data berhasil dihapus\";\n} else {\n    echo \"Error deleting record: \" . mysqli_error($conn);\n}\n?>\n```'),
(123, 1344122685, '2023-07-06 21:12:04', '/phpdelete', '*Menghapus Data dalam Tabel:*\n\nMenggunakan query `DELETE` untuk menghapus data dari tabel.\nContoh program:\n\n```\n<?php\n$sql = \"DELETE FROM nama_tabel WHERE kondisi\";\n\nif (mysqli_query($conn, $sql)) {\n    echo \"Data berhasil dihapus\";\n} else {\n    echo \"Error deleting record: \" . mysqli_error($conn);\n}\n?>\n```'),
(124, 1344122685, '2023-07-06 21:12:51', '/pdokoneksi', '*Koneksi ke Database:*\n\nMembuat koneksi ke database menggunakan objek PDO.\nContoh program:\n\n```\n<?php\n$servername = \"localhost\";\n$username = \"username\";\n$password = \"password\";\n$dbname = \"database_name\";\n\ntry {\n    $conn = new PDO(\"mysql:host=$servername;dbname=$dbname\", $username, $password);\n    $conn->setAttribute(PDO::ATTR_ERRMODE, PDO::ERRMODE_EXCEPTION);\n    echo \"Koneksi berhasil\";\n} catch(PDOException $e) {\n    echo \"Koneksi gagal: \" . $e->getMessage();\n}\n?>\n```'),
(125, 1344122685, '2023-07-06 21:13:53', '/pdoselect', '*Jenova Bot*\r\nWelcome to jenova bot, you can control me by sending these commands:\r\n\r\n*Chat GPT*\r\n/gpt - how to use Chat GPT in Jenova Bot\n/mytoken - your remaining tokens for Chat GPT\r\n/myinfo - your account info\r\n\n*Materi Pembelajaran*\n_Berikut adalah urutan materi pembelajaran dari PHP Database dan PDO (PHP Data Objects):_\n\nPHP Database:\n1. /phpdb - pengantar PHP database\n2. /phpkoneksi - cara koneksi php ke database mysql\n3. /phpselect - menampilkan data dari database\n4. /phpinsert - menambahkan data ke database\n5. /phpupdate - mengubah data dalam database\n6. /phpdelete - mengahapus data dalam database\n\nPHP PDO:\n1. /pdo - pengantar PDO\n2. /pdokoneksi - cara koneksi PDO ke database MySQL\n3. /pdoselect - menampilkan data dari database dengan PDO\n4. /pdoinsert - menambahkan data ke database dengan PDO\n5. /pdopupdate - mengubah data dalam database dengan PDO\n6. /pdodelete - mengahapus data dalam database dengan PDO\n\nPREPARE STATEMENT:'),
(126, 1344122685, '2023-07-06 21:14:18', '/pdoselect', '*Menampilkan Data dari Tabel:*\n\nMenggunakan query `SELECT` untuk mengambil data dari tabel.\nMenggunakan metode `fetch()` atau `fetchAll()` untuk mendapatkan hasil query.\nContoh program:\n\n```\n<?php\n$sql = \"SELECT * FROM nama_tabel\";\n$result = $conn->query($sql);\n\nif ($result->rowCount() > 0) {\n    while ($row = $result->fetch(PDO::FETCH_ASSOC)) {\n        echo \"ID: \" . $row[\"id\"]. \" - Nama: \" . $row[\"nama\"]. \"<br>\";\n    }\n} else {\n    echo \"Tidak ada data\";\n}\n?>\n```'),
(127, 1344122685, '2023-07-06 21:15:30', '/pdoinsert', '*Menambahkan Data ke Tabel:*\n\nMenggunakan query `INSERT INTO` untuk menambahkan data baru ke tabel.\nContoh program:\n\n```\n<?php\n$sql = \"INSERT INTO nama_tabel (kolom1, kolom2, kolom3) VALUES (\'nilai1\', \'nilai2\', \'nilai3\')\";\n\nif ($conn->exec($sql)) {\n    echo \"Data berhasil ditambahkan\";\n} else {\n    echo \"Error: \" . $sql . \"<br>\" . $conn->errorInfo();\n}\n?>\n```'),
(128, 1344122685, '2023-07-06 21:15:45', '/setdefault', '*Jenova Bot*\r\nWelcome to jenova bot, you can control me by sending these commands:\r\n\r\n*Chat GPT*\r\n/gpt - how to use Chat GPT in Jenova Bot\n/mytoken - your remaining tokens for Chat GPT\r\n/myinfo - your account info\r\n\n*Materi Pembelajaran*\n_Berikut adalah urutan materi pembelajaran dari PHP Database dan PDO (PHP Data Objects):_\n\nPHP Database:\n1. /phpdb - pengantar PHP database\n2. /phpkoneksi - cara koneksi php ke database mysql\n3. /phpselect - menampilkan data dari database\n4. /phpinsert - menambahkan data ke database\n5. /phpupdate - mengubah data dalam database\n6. /phpdelete - mengahapus data dalam database\n\nPHP PDO:\n1. /pdo - pengantar PDO\n2. /pdokoneksi - cara koneksi PDO ke database MySQL\n3. /pdoselect - menampilkan data dari database dengan PDO\n4. /pdoinsert - menambahkan data ke database dengan PDO\n5. /pdopupdate - mengubah data dalam database dengan PDO\n6. /pdodelete - mengahapus data dalam database dengan PDO\n\nPREPARE STATEMENT:'),
(129, 1344122685, '2023-07-06 21:17:02', '/pdopupdate', '*Jenova Bot*\r\nWelcome to jenova bot, you can control me by sending these commands:\r\n\r\n*Chat GPT*\r\n/gpt - how to use Chat GPT in Jenova Bot\n/mytoken - your remaining tokens for Chat GPT\r\n/myinfo - your account info\r\n\n*Materi Pembelajaran*\n_Berikut adalah urutan materi pembelajaran dari PHP Database dan PDO (PHP Data Objects):_\n\nPHP Database:\n1. /phpdb - pengantar PHP database\n2. /phpkoneksi - cara koneksi php ke database mysql\n3. /phpselect - menampilkan data dari database\n4. /phpinsert - menambahkan data ke database\n5. /phpupdate - mengubah data dalam database\n6. /phpdelete - mengahapus data dalam database\n\nPHP PDO:\n1. /pdo - pengantar PDO\n2. /pdokoneksi - cara koneksi PDO ke database MySQL\n3. /pdoselect - menampilkan data dari database dengan PDO\n4. /pdoinsert - menambahkan data ke database dengan PDO\n5. /pdopupdate - mengubah data dalam database dengan PDO\n6. /pdodelete - mengahapus data dalam database dengan PDO\n\nPREPARE STATEMENT:'),
(130, 1344122685, '2023-07-06 21:17:51', 'sdf', '*Jenova Bot*\r\nWelcome to jenova bot, you can control me by sending these commands:\r\n\r\n*Chat GPT*\r\n/gpt - how to use Chat GPT in Jenova Bot\n/mytoken - your remaining tokens for Chat GPT\r\n/myinfo - your account info\r\n\n*Materi Pembelajaran*\n_Berikut adalah urutan materi pembelajaran dari PHP Database dan PDO (PHP Data Objects):_\n\nPHP Database:\n1. /phpdb - pengantar PHP database\n2. /phpkoneksi - cara koneksi php ke database mysql\n3. /phpselect - menampilkan data dari database\n4. /phpinsert - menambahkan data ke database\n5. /phpupdate - mengubah data dalam database\n6. /phpdelete - mengahapus data dalam database\n\nPHP PDO:\n1. /pdo - pengantar PDO\n2. /pdokoneksi - cara koneksi PDO ke database MySQL\n3. /pdoselect - menampilkan data dari database dengan PDO\n4. /pdoinsert - menambahkan data ke database dengan PDO\n5. /pdoupdate - mengubah data dalam database dengan PDO\n6. /pdodelete - mengahapus data dalam database dengan PDO\n\nPREPARE STATEMENT:'),
(131, 1344122685, '2023-07-06 21:17:54', '/pdoupdate', '*Mengubah Data dalam Tabel:*\n\nMenggunakan query `UPDATE` untuk mengubah data yang sudah ada dalam tabel.\nContoh program:\n\n```\n<?php\n$sql = \"UPDATE nama_tabel SET kolom1=\'nilai1\', kolom2=\'nilai2\' WHERE kondisi\";\n\nif ($conn->exec($sql)) {\n    echo \"Data berhasil diubah\";\n} else {\n    echo \"Error updating record: \" . $conn->errorInfo();\n}\n?>\n```'),
(132, 1344122685, '2023-07-06 21:21:27', '/pdodelete', '*Menghapus Data dalam Tabel:*\n\nMenggunakan query `DELETE` untuk menghapus data dari tabel.\nContoh program:\n\n```\n<?php\n$sql = \"DELETE FROM nama_tabel WHERE kondisi\";\n\nif ($conn->exec($sql)) {\n    echo \"Data berhasil dihapus\";\n} else {\n    echo \"Error deleting record: \" . $conn->errorInfo();\n}\n?>\n```'),
(133, 1344122685, '2023-07-06 21:25:25', '/info', '*Jenova Bot*\r\nWelcome to jenova bot, you can control me by sending these commands:\r\n\r\n*Chat GPT*\r\n/gpt - how to use Chat GPT in Jenova Bot\n/mytoken - your remaining tokens for Chat GPT\r\n/myinfo - your account info\r\n\n*Materi Pembelajaran*\n_Berikut adalah urutan materi pembelajaran dari PHP Database dan PDO (PHP Data Objects):_\n\nPHP Database:\n1. /phpdb - pengantar PHP database\n2. /phpkoneksi - cara koneksi php ke database mysql\n3. /phpselect - menampilkan data dari database\n4. /phpinsert - menambahkan data ke database\n5. /phpupdate - mengubah data dalam database\n6. /phpdelete - mengahapus data dalam database\n\nPHP PDO:\n1. /pdo - pengantar PDO\n2. /pdokoneksi - cara koneksi PDO ke database MySQL\n3. /pdoselect - menampilkan data dari database dengan PDO\n4. /pdoinsert - menambahkan data ke database dengan PDO\n5. /pdoupdate - mengubah data dalam database dengan PDO\n6. /pdodelete - mengahapus data dalam database dengan PDO\n\nMateri selanjutnya - comming soon'),
(134, 1344122685, '2023-07-06 21:25:31', '/phpdb', 'PHP Database merujuk pada penggunaan bahasa pemrograman PHP untuk berinteraksi dengan database. Dalam konteks ini, PHP digunakan sebagai penghubung antara aplikasi web yang dikembangkan dengan database yang menyimpan dan mengelola data.\n\nPHP Database memungkinkan pengembang untuk melakukan berbagai operasi seperti mengambil, menambahkan, memperbarui, dan menghapus data dalam database. Pengembang dapat menggunakan pernyataan SQL atau fungsi yang disediakan oleh ekstensi database PHP, seperti mysqli atau PDO, untuk berinteraksi dengan database.\n\nSelain itu, PHP Database juga melibatkan konfigurasi koneksi antara aplikasi PHP dan database. Koneksi ini memungkinkan aplikasi PHP untuk mengirim permintaan ke database dan menerima hasilnya.\n\nKeamanan juga menjadi aspek penting dalam PHP Database. Langkah-langkah keamanan seperti penggunaan prepared statement atau parameter binding perlu diterapkan untuk mencegah serangan seperti SQL injection, yang dapat mengancam keamanan dan integritas data.\n\nDalam rangkaian pembuatan aplikasi web yang kompleks, PHP Database memainkan peran penting dalam mengelola dan menyimpan data yang diperlukan oleh aplikasi tersebut. Dengan menggunakan PHP Database, pengembang dapat memanfaatkan kekuatan dan fleksibilitas bahasa PHP untuk membangun aplikasi web yang interaktif dan dinamis.'),
(135, 1344122685, '2023-07-06 21:25:33', '/phpkoneksi', 'Koneksi ke Database:\nMembuat koneksi ke database menggunakan fungsi `mysqli_connect()`\nContoh program:\n\n```\n<?php\n$servername = \"localhost\";\n$username = \"username\";\n$password = \"password\";\n$dbname = \"database_name\";\n\n// Membuat koneksi\n$conn = mysqli_connect($servername, $username, $password, $dbname);\n\n// Memeriksa koneksi\nif (!$conn) {\n    die(\"Koneksi gagal: \" . mysqli_connect_error());\n}\necho \"Koneksi berhasil\";\n?>\n```'),
(136, 1344122685, '2023-07-06 21:25:37', '/phpselect', '*Menampilkan Data dari Tabel:*\n\nMenggunakan query `SELECT` untuk mengambil data dari tabel.\nMenggunakan `fungsi mysqli_query()` untuk menjalankan query.\nMenggunakan fungsi `mysqli_fetch_assoc()` untuk mengambil setiap baris hasil query.\n\nContoh program:\n\n```\n<?php\n$sql = \"SELECT * FROM nama_tabel\";\n$result = mysqli_query($conn, $sql);\n\nif (mysqli_num_rows($result) > 0) {\n    while ($row = mysqli_fetch_assoc($result)) {\n        echo \"ID: \" . $row[\"id\"]. \" - Nama: \" . $row[\"nama\"]. \"<br>\";\n    }\n} else {\n    echo \"Tidak ada data\";\n}\n?>\n```'),
(137, 1344122685, '2023-07-06 21:25:41', '/phpinsert', '*Menambahkan Data ke Tabel:*\n\nMenggunakan query `INSERT INTO` untuk menambahkan data baru ke tabel.\nContoh program:\n\n```\n<?php\n$sql = \"INSERT INTO nama_tabel (kolom1, kolom2, kolom3) VALUES (\'nilai1\', \'nilai2\', \'nilai3\')\";\n\nif (mysqli_query($conn, $sql)) {\n    echo \"Data berhasil ditambahkan\";\n} else {\n    echo \"Error: \" . $sql . \"<br>\" . mysqli_error($conn);\n}\n?>\n```'),
(138, 1344122685, '2023-07-06 21:25:52', '/info', '*Jenova Bot*\r\nWelcome to jenova bot, you can control me by sending these commands:\r\n\r\n*Chat GPT*\r\n/gpt - how to use Chat GPT in Jenova Bot\n/mytoken - your remaining tokens for Chat GPT\r\n/myinfo - your account info\r\n\n*Materi Pembelajaran*\n_Berikut adalah urutan materi pembelajaran dari PHP Database dan PDO (PHP Data Objects):_\n\nPHP Database:\n1. /phpdb - pengantar PHP database\n2. /phpkoneksi - cara koneksi php ke database mysql\n3. /phpselect - menampilkan data dari database\n4. /phpinsert - menambahkan data ke database\n5. /phpupdate - mengubah data dalam database\n6. /phpdelete - mengahapus data dalam database\n\nPHP PDO:\n1. /pdo - pengantar PDO\n2. /pdokoneksi - cara koneksi PDO ke database MySQL\n3. /pdoselect - menampilkan data dari database dengan PDO\n4. /pdoinsert - menambahkan data ke database dengan PDO\n5. /pdoupdate - mengubah data dalam database dengan PDO\n6. /pdodelete - mengahapus data dalam database dengan PDO\n\nMateri selanjutnya - comming soon'),
(139, 1344122685, '2023-07-06 21:25:59', '/phpupdate', '*Mengubah Data dalam Tabel:*\n\nMenggunakan query `UPDATE` untuk mengubah data yang sudah ada dalam tabel.\nContoh program:\n\n```\n<?php\n$sql = \"UPDATE nama_tabel SET kolom1=\'nilai1\', kolom2=\'nilai2\' WHERE kondisi\";\n\nif (mysqli_query($conn, $sql)) {\n    echo \"Data berhasil diubah\";\n} else {\n    echo \"Error updating record: \" . mysqli_error($conn);\n}\n?>\n```'),
(140, 1344122685, '2023-07-06 21:26:01', '/phpdelete', '*Menghapus Data dalam Tabel:*\n\nMenggunakan query `DELETE` untuk menghapus data dari tabel.\nContoh program:\n\n```\n<?php\n$sql = \"DELETE FROM nama_tabel WHERE kondisi\";\n\nif (mysqli_query($conn, $sql)) {\n    echo \"Data berhasil dihapus\";\n} else {\n    echo \"Error deleting record: \" . mysqli_error($conn);\n}\n?>\n```'),
(141, 1344122685, '2023-07-06 21:26:05', '/pdo', 'PHP PDO (PHP Data Objects) adalah ekstensi dalam PHP yang menyediakan antarmuka konsisten untuk berinteraksi dengan berbagai jenis database. Dengan PDO, pengembang dapat terhubung dan berkomunikasi dengan database menggunakan kode PHP yang sama, tidak peduli jenis database yang digunakan. PDO memungkinkan penggunaan prepared statement untuk mencegah serangan SQL injection, dan juga menyediakan fleksibilitas dalam mengakses dan mengelola data dalam database.'),
(142, 1344122685, '2023-07-06 21:26:09', '/info', '*Jenova Bot*\r\nWelcome to jenova bot, you can control me by sending these commands:\r\n\r\n*Chat GPT*\r\n/gpt - how to use Chat GPT in Jenova Bot\n/mytoken - your remaining tokens for Chat GPT\r\n/myinfo - your account info\r\n\n*Materi Pembelajaran*\n_Berikut adalah urutan materi pembelajaran dari PHP Database dan PDO (PHP Data Objects):_\n\nPHP Database:\n1. /phpdb - pengantar PHP database\n2. /phpkoneksi - cara koneksi php ke database mysql\n3. /phpselect - menampilkan data dari database\n4. /phpinsert - menambahkan data ke database\n5. /phpupdate - mengubah data dalam database\n6. /phpdelete - mengahapus data dalam database\n\nPHP PDO:\n1. /pdo - pengantar PDO\n2. /pdokoneksi - cara koneksi PDO ke database MySQL\n3. /pdoselect - menampilkan data dari database dengan PDO\n4. /pdoinsert - menambahkan data ke database dengan PDO\n5. /pdoupdate - mengubah data dalam database dengan PDO\n6. /pdodelete - mengahapus data dalam database dengan PDO\n\nMateri selanjutnya - comming soon'),
(143, 1344122685, '2023-07-06 21:26:15', '/pdokoneksi', '*Koneksi ke Database:*\n\nMembuat koneksi ke database menggunakan objek PDO.\nContoh program:\n\n```\n<?php\n$servername = \"localhost\";\n$username = \"username\";\n$password = \"password\";\n$dbname = \"database_name\";\n\ntry {\n    $conn = new PDO(\"mysql:host=$servername;dbname=$dbname\", $username, $password);\n    $conn->setAttribute(PDO::ATTR_ERRMODE, PDO::ERRMODE_EXCEPTION);\n    echo \"Koneksi berhasil\";\n} catch(PDOException $e) {\n    echo \"Koneksi gagal: \" . $e->getMessage();\n}\n?>\n```'),
(144, 1344122685, '2023-07-06 21:26:17', '/pdoselect', '*Menampilkan Data dari Tabel:*\n\nMenggunakan query `SELECT` untuk mengambil data dari tabel.\nMenggunakan metode `fetch()` atau `fetchAll()` untuk mendapatkan hasil query.\nContoh program:\n\n```\n<?php\n$sql = \"SELECT * FROM nama_tabel\";\n$result = $conn->query($sql);\n\nif ($result->rowCount() > 0) {\n    while ($row = $result->fetch(PDO::FETCH_ASSOC)) {\n        echo \"ID: \" . $row[\"id\"]. \" - Nama: \" . $row[\"nama\"]. \"<br>\";\n    }\n} else {\n    echo \"Tidak ada data\";\n}\n?>\n```'),
(145, 1344122685, '2023-07-06 21:26:21', '/pdoinsert', '*Menambahkan Data ke Tabel:*\n\nMenggunakan query `INSERT INTO` untuk menambahkan data baru ke tabel.\nContoh program:\n\n```\n<?php\n$sql = \"INSERT INTO nama_tabel (kolom1, kolom2, kolom3) VALUES (\'nilai1\', \'nilai2\', \'nilai3\')\";\n\nif ($conn->exec($sql)) {\n    echo \"Data berhasil ditambahkan\";\n} else {\n    echo \"Error: \" . $sql . \"<br>\" . $conn->errorInfo();\n}\n?>\n```'),
(146, 1344122685, '2023-07-06 21:26:23', '/pdoupdate', '*Mengubah Data dalam Tabel:*\n\nMenggunakan query `UPDATE` untuk mengubah data yang sudah ada dalam tabel.\nContoh program:\n\n```\n<?php\n$sql = \"UPDATE nama_tabel SET kolom1=\'nilai1\', kolom2=\'nilai2\' WHERE kondisi\";\n\nif ($conn->exec($sql)) {\n    echo \"Data berhasil diubah\";\n} else {\n    echo \"Error updating record: \" . $conn->errorInfo();\n}\n?>\n```'),
(147, 1344122685, '2023-07-06 21:26:27', '/pdoupdate', '*Mengubah Data dalam Tabel:*\n\nMenggunakan query `UPDATE` untuk mengubah data yang sudah ada dalam tabel.\nContoh program:\n\n```\n<?php\n$sql = \"UPDATE nama_tabel SET kolom1=\'nilai1\', kolom2=\'nilai2\' WHERE kondisi\";\n\nif ($conn->exec($sql)) {\n    echo \"Data berhasil diubah\";\n} else {\n    echo \"Error updating record: \" . $conn->errorInfo();\n}\n?>\n```'),
(148, 1344122685, '2023-07-06 21:26:29', '/pdodelete', '*Menghapus Data dalam Tabel:*\n\nMenggunakan query `DELETE` untuk menghapus data dari tabel.\nContoh program:\n\n```\n<?php\n$sql = \"DELETE FROM nama_tabel WHERE kondisi\";\n\nif ($conn->exec($sql)) {\n    echo \"Data berhasil dihapus\";\n} else {\n    echo \"Error deleting record: \" . $conn->errorInfo();\n}\n?>\n```'),
(149, 1344122685, '2023-07-06 21:26:51', 'THIS IS BROADCAST FROM ADMIN', 'hf');

-- --------------------------------------------------------

--
-- Stand-in struktur untuk tampilan `tb_history_info`
-- (Lihat di bawah untuk tampilan aktual)
--
CREATE TABLE `tb_history_info` (
`id_history` int(11)
,`id_user` bigint(14)
,`username` varchar(100)
,`time` datetime
,`request` text
,`response` text
);

-- --------------------------------------------------------

--
-- Struktur dari tabel `tb_keyword`
--

CREATE TABLE `tb_keyword` (
  `id_keyword` int(11) NOT NULL,
  `command` varchar(100) NOT NULL,
  `response` text NOT NULL
) ENGINE=InnoDB DEFAULT CHARSET=utf8mb4 COLLATE=utf8mb4_general_ci;

--
-- Dumping data untuk tabel `tb_keyword`
--

INSERT INTO `tb_keyword` (`id_keyword`, `command`, `response`) VALUES
(3, '/setdefault', '*Jenova Bot*\r\nWelcome to jenova bot, you can control me by sending these commands:\r\n\r\n*Chat GPT*\r\n/gpt - how to use Chat GPT in Jenova Bot\n/mytoken - your remaining tokens for Chat GPT\r\n/myinfo - your account info\r\n\n*Materi Pembelajaran*\n_Berikut adalah urutan materi pembelajaran dari PHP Database dan PDO (PHP Data Objects):_\n\nPHP Database:\n1. /phpdb - pengantar PHP database\n2. /phpkoneksi - cara koneksi php ke database mysql\n3. /phpselect - menampilkan data dari database\n4. /phpinsert - menambahkan data ke database\n5. /phpupdate - mengubah data dalam database\n6. /phpdelete - mengahapus data dalam database\n\nPHP PDO:\n1. /pdo - pengantar PDO\n2. /pdokoneksi - cara koneksi PDO ke database MySQL\n3. /pdoselect - menampilkan data dari database dengan PDO\n4. /pdoinsert - menambahkan data ke database dengan PDO\n5. /pdoupdate - mengubah data dalam database dengan PDO\n6. /pdodelete - mengahapus data dalam database dengan PDO\n\nMateri selanjutnya - comming soon'),
(5, '/gpt', '*Cara menggunakan fitur Chat GPT pada Jenova Bot*\n\nketik /gpt spasi prompt anda\n\nBerikut ada beberapa contoh penggunaan:\n`/gpt cara membuat nasi goreng`\n`/gpt cara hello world di java`\n`/gpt jelaskan perbedaan antara kodok dan katak`\n`/gpt cara mendapatkan ipk diatas 4`\n\nSecara default, anda telah memiliki 2 token chat gpt, token digunakan untuk menjalankan fitur chat gpt pada Jenova Bot.\n\nUntuk melihat sisan token anda dapat melakukan command `/mytoken`. '),
(14, '/phpdb', 'PHP Database merujuk pada penggunaan bahasa pemrograman PHP untuk berinteraksi dengan database. Dalam konteks ini, PHP digunakan sebagai penghubung antara aplikasi web yang dikembangkan dengan database yang menyimpan dan mengelola data.\n\nPHP Database memungkinkan pengembang untuk melakukan berbagai operasi seperti mengambil, menambahkan, memperbarui, dan menghapus data dalam database. Pengembang dapat menggunakan pernyataan SQL atau fungsi yang disediakan oleh ekstensi database PHP, seperti mysqli atau PDO, untuk berinteraksi dengan database.\n\nSelain itu, PHP Database juga melibatkan konfigurasi koneksi antara aplikasi PHP dan database. Koneksi ini memungkinkan aplikasi PHP untuk mengirim permintaan ke database dan menerima hasilnya.\n\nKeamanan juga menjadi aspek penting dalam PHP Database. Langkah-langkah keamanan seperti penggunaan prepared statement atau parameter binding perlu diterapkan untuk mencegah serangan seperti SQL injection, yang dapat mengancam keamanan dan integritas data.\n\nDalam rangkaian pembuatan aplikasi web yang kompleks, PHP Database memainkan peran penting dalam mengelola dan menyimpan data yang diperlukan oleh aplikasi tersebut. Dengan menggunakan PHP Database, pengembang dapat memanfaatkan kekuatan dan fleksibilitas bahasa PHP untuk membangun aplikasi web yang interaktif dan dinamis.'),
(15, '/pdo', 'PHP PDO (PHP Data Objects) adalah ekstensi dalam PHP yang menyediakan antarmuka konsisten untuk berinteraksi dengan berbagai jenis database. Dengan PDO, pengembang dapat terhubung dan berkomunikasi dengan database menggunakan kode PHP yang sama, tidak peduli jenis database yang digunakan. PDO memungkinkan penggunaan prepared statement untuk mencegah serangan SQL injection, dan juga menyediakan fleksibilitas dalam mengakses dan mengelola data dalam database.'),
(17, '/phpkoneksi', 'Koneksi ke Database:\nMembuat koneksi ke database menggunakan fungsi `mysqli_connect()`\nContoh program:\n\n```\n<?php\n$servername = \"localhost\";\n$username = \"username\";\n$password = \"password\";\n$dbname = \"database_name\";\n\n// Membuat koneksi\n$conn = mysqli_connect($servername, $username, $password, $dbname);\n\n// Memeriksa koneksi\nif (!$conn) {\n    die(\"Koneksi gagal: \" . mysqli_connect_error());\n}\necho \"Koneksi berhasil\";\n?>\n```'),
(18, '/phpselect', '*Menampilkan Data dari Tabel:*\n\nMenggunakan query `SELECT` untuk mengambil data dari tabel.\nMenggunakan `fungsi mysqli_query()` untuk menjalankan query.\nMenggunakan fungsi `mysqli_fetch_assoc()` untuk mengambil setiap baris hasil query.\n\nContoh program:\n\n```\n<?php\n$sql = \"SELECT * FROM nama_tabel\";\n$result = mysqli_query($conn, $sql);\n\nif (mysqli_num_rows($result) > 0) {\n    while ($row = mysqli_fetch_assoc($result)) {\n        echo \"ID: \" . $row[\"id\"]. \" - Nama: \" . $row[\"nama\"]. \"<br>\";\n    }\n} else {\n    echo \"Tidak ada data\";\n}\n?>\n```'),
(19, '/phpinsert', '*Menambahkan Data ke Tabel:*\n\nMenggunakan query `INSERT INTO` untuk menambahkan data baru ke tabel.\nContoh program:\n\n```\n<?php\n$sql = \"INSERT INTO nama_tabel (kolom1, kolom2, kolom3) VALUES (\'nilai1\', \'nilai2\', \'nilai3\')\";\n\nif (mysqli_query($conn, $sql)) {\n    echo \"Data berhasil ditambahkan\";\n} else {\n    echo \"Error: \" . $sql . \"<br>\" . mysqli_error($conn);\n}\n?>\n```'),
(20, '/phpupdate', '*Mengubah Data dalam Tabel:*\n\nMenggunakan query `UPDATE` untuk mengubah data yang sudah ada dalam tabel.\nContoh program:\n\n```\n<?php\n$sql = \"UPDATE nama_tabel SET kolom1=\'nilai1\', kolom2=\'nilai2\' WHERE kondisi\";\n\nif (mysqli_query($conn, $sql)) {\n    echo \"Data berhasil diubah\";\n} else {\n    echo \"Error updating record: \" . mysqli_error($conn);\n}\n?>\n```'),
(21, '/phpdelete', '*Menghapus Data dalam Tabel:*\n\nMenggunakan query `DELETE` untuk menghapus data dari tabel.\nContoh program:\n\n```\n<?php\n$sql = \"DELETE FROM nama_tabel WHERE kondisi\";\n\nif (mysqli_query($conn, $sql)) {\n    echo \"Data berhasil dihapus\";\n} else {\n    echo \"Error deleting record: \" . mysqli_error($conn);\n}\n?>\n```'),
(22, '/pdokoneksi', '*Koneksi ke Database:*\n\nMembuat koneksi ke database menggunakan objek PDO.\nContoh program:\n\n```\n<?php\n$servername = \"localhost\";\n$username = \"username\";\n$password = \"password\";\n$dbname = \"database_name\";\n\ntry {\n    $conn = new PDO(\"mysql:host=$servername;dbname=$dbname\", $username, $password);\n    $conn->setAttribute(PDO::ATTR_ERRMODE, PDO::ERRMODE_EXCEPTION);\n    echo \"Koneksi berhasil\";\n} catch(PDOException $e) {\n    echo \"Koneksi gagal: \" . $e->getMessage();\n}\n?>\n```'),
(23, '/pdoselect', '*Menampilkan Data dari Tabel:*\n\nMenggunakan query `SELECT` untuk mengambil data dari tabel.\nMenggunakan metode `fetch()` atau `fetchAll()` untuk mendapatkan hasil query.\nContoh program:\n\n```\n<?php\n$sql = \"SELECT * FROM nama_tabel\";\n$result = $conn->query($sql);\n\nif ($result->rowCount() > 0) {\n    while ($row = $result->fetch(PDO::FETCH_ASSOC)) {\n        echo \"ID: \" . $row[\"id\"]. \" - Nama: \" . $row[\"nama\"]. \"<br>\";\n    }\n} else {\n    echo \"Tidak ada data\";\n}\n?>\n```'),
(24, '/pdoinsert', '*Menambahkan Data ke Tabel:*\n\nMenggunakan query `INSERT INTO` untuk menambahkan data baru ke tabel.\nContoh program:\n\n```\n<?php\n$sql = \"INSERT INTO nama_tabel (kolom1, kolom2, kolom3) VALUES (\'nilai1\', \'nilai2\', \'nilai3\')\";\n\nif ($conn->exec($sql)) {\n    echo \"Data berhasil ditambahkan\";\n} else {\n    echo \"Error: \" . $sql . \"<br>\" . $conn->errorInfo();\n}\n?>\n```'),
(25, '/pdoupdate', '*Mengubah Data dalam Tabel:*\n\nMenggunakan query `UPDATE` untuk mengubah data yang sudah ada dalam tabel.\nContoh program:\n\n```\n<?php\n$sql = \"UPDATE nama_tabel SET kolom1=\'nilai1\', kolom2=\'nilai2\' WHERE kondisi\";\n\nif ($conn->exec($sql)) {\n    echo \"Data berhasil diubah\";\n} else {\n    echo \"Error updating record: \" . $conn->errorInfo();\n}\n?>\n```'),
(26, '/pdodelete', '*Menghapus Data dalam Tabel:*\n\nMenggunakan query `DELETE` untuk menghapus data dari tabel.\nContoh program:\n\n```\n<?php\n$sql = \"DELETE FROM nama_tabel WHERE kondisi\";\n\nif ($conn->exec($sql)) {\n    echo \"Data berhasil dihapus\";\n} else {\n    echo \"Error deleting record: \" . $conn->errorInfo();\n}\n?>\n```');

-- --------------------------------------------------------

--
-- Struktur dari tabel `tb_user`
--

CREATE TABLE `tb_user` (
  `id_user` bigint(14) NOT NULL,
  `username` varchar(100) NOT NULL,
  `firstname` varchar(100) NOT NULL,
  `lastname` varchar(100) NOT NULL,
  `token` smallint(6) NOT NULL DEFAULT 2
) ENGINE=InnoDB DEFAULT CHARSET=utf8mb4 COLLATE=utf8mb4_general_ci;

--
-- Dumping data untuk tabel `tb_user`
--

INSERT INTO `tb_user` (`id_user`, `username`, `firstname`, `lastname`, `token`) VALUES
(201575235, 'ajibsusanto', 'Ajib', 'Susanto', 0),
(1220637501, 'AyatullahMaarif', 'Ayatullah', 'Ma\'arif', 4),
(1344122685, 'samuelandrey', 'Samuel', 'Andrey', 0),
(1847285486, 'M_Roynaldi30', 'Roy', 'Aldi', 2),
(1878849884, '', 'Nadyanella', 'Riesya Aprilla', 2);

-- --------------------------------------------------------

--
-- Struktur untuk view `tb_broadcast_info`
--
DROP TABLE IF EXISTS `tb_broadcast_info`;

CREATE ALGORITHM=UNDEFINED DEFINER=`` SQL SECURITY DEFINER VIEW `tb_broadcast_info`  AS SELECT `tb_user`.`id_user` AS `id_user`, `tb_user`.`username` AS `username`, `tb_user`.`firstname` AS `firstname`, `tb_user`.`lastname` AS `lastname`, `tb_user`.`token` AS `token` FROM (`tb_user` join `tb_broadcast` on(`tb_user`.`id_user` = `tb_broadcast`.`id_user`))  ;

-- --------------------------------------------------------

--
-- Struktur untuk view `tb_history_info`
--
DROP TABLE IF EXISTS `tb_history_info`;

CREATE ALGORITHM=UNDEFINED DEFINER=`` SQL SECURITY DEFINER VIEW `tb_history_info`  AS SELECT `tb_history`.`id_history` AS `id_history`, `tb_user`.`id_user` AS `id_user`, `tb_user`.`username` AS `username`, `tb_history`.`time` AS `time`, `tb_history`.`request` AS `request`, `tb_history`.`response` AS `response` FROM (`tb_user` join `tb_history`) WHERE `tb_user`.`id_user` = `tb_history`.`id_user` ORDER BY `tb_history`.`time` AS `DESCdesc` ASC  ;

--
-- Indexes for dumped tables
--

--
-- Indeks untuk tabel `tb_admin`
--
ALTER TABLE `tb_admin`
  ADD PRIMARY KEY (`id_admin`);

--
-- Indeks untuk tabel `tb_broadcast`
--
ALTER TABLE `tb_broadcast`
  ADD UNIQUE KEY `id_user` (`id_user`);

--
-- Indeks untuk tabel `tb_chat_gpt`
--
ALTER TABLE `tb_chat_gpt`
  ADD PRIMARY KEY (`id_gpt`);
ALTER TABLE `tb_chat_gpt` ADD FULLTEXT KEY `ft_index_prompt` (`prompt`);

--
-- Indeks untuk tabel `tb_history`
--
ALTER TABLE `tb_history`
  ADD PRIMARY KEY (`id_history`),
  ADD KEY `id_user` (`id_user`);

--
-- Indeks untuk tabel `tb_keyword`
--
ALTER TABLE `tb_keyword`
  ADD PRIMARY KEY (`id_keyword`),
  ADD UNIQUE KEY `command` (`command`);

--
-- Indeks untuk tabel `tb_user`
--
ALTER TABLE `tb_user`
  ADD PRIMARY KEY (`id_user`);

--
-- AUTO_INCREMENT untuk tabel yang dibuang
--

--
-- AUTO_INCREMENT untuk tabel `tb_admin`
--
ALTER TABLE `tb_admin`
  MODIFY `id_admin` int(11) NOT NULL AUTO_INCREMENT, AUTO_INCREMENT=5;

--
-- AUTO_INCREMENT untuk tabel `tb_chat_gpt`
--
ALTER TABLE `tb_chat_gpt`
  MODIFY `id_gpt` int(11) NOT NULL AUTO_INCREMENT, AUTO_INCREMENT=9;

--
-- AUTO_INCREMENT untuk tabel `tb_history`
--
ALTER TABLE `tb_history`
  MODIFY `id_history` int(11) NOT NULL AUTO_INCREMENT, AUTO_INCREMENT=150;

--
-- AUTO_INCREMENT untuk tabel `tb_keyword`
--
ALTER TABLE `tb_keyword`
  MODIFY `id_keyword` int(11) NOT NULL AUTO_INCREMENT, AUTO_INCREMENT=27;

--
-- Ketidakleluasaan untuk tabel pelimpahan (Dumped Tables)
--

--
-- Ketidakleluasaan untuk tabel `tb_broadcast`
--
ALTER TABLE `tb_broadcast`
  ADD CONSTRAINT `tb_broadcast_ibfk_1` FOREIGN KEY (`id_user`) REFERENCES `tb_user` (`id_user`) ON DELETE CASCADE ON UPDATE CASCADE;

--
-- Ketidakleluasaan untuk tabel `tb_history`
--
ALTER TABLE `tb_history`
  ADD CONSTRAINT `tb_history_ibfk_1` FOREIGN KEY (`id_user`) REFERENCES `tb_user` (`id_user`) ON DELETE CASCADE ON UPDATE CASCADE;
COMMIT;

/*!40101 SET CHARACTER_SET_CLIENT=@OLD_CHARACTER_SET_CLIENT */;
/*!40101 SET CHARACTER_SET_RESULTS=@OLD_CHARACTER_SET_RESULTS */;
/*!40101 SET COLLATION_CONNECTION=@OLD_COLLATION_CONNECTION */;
